company_key,company_name,cin,source_count,official_source_count,record_count,legal_sections,action_types,districts,source_names,first_published_at,latest_published_at,latest_title,representative_url,dossier_summary
jvl-agro-industries-limited,JVL Agro Industries Limited,,10,10,15,,liquidation,,IBBI Liquidation Auctions - Haldia - Page 1 | IBBI Liquidation Auctions - Haldia - Page 2 | IBBI Liquidation Auctions - Kolkata - Page 1 | IBBI Liquidation Auctions - Kolkata - Page 2 | IBBI Liquidation Auctions - Kolkata - Page 3 | IBBI Liquidation Auctions - Medinipur - Page 2 | IBBI Liquidation Auctions - West Bengal - Page 1 | IBBI Liquidation Auctions - West Bengal - Page 2 | IBBI Liquidation Auctions - West Bengal - Page 3 | IBBI Liquidation Auctions - West Bengal - Page 4,04-03-2022,30-06-2025,JVL Agro Industries Limited,https://ibbi.gov.in/uploads/auction_notice_liquidation/43135c502664cdfe459aad2dd37dc769.pdf,JVL Agro Industries Limited appears in 15 record(s) across 10 source(s). Primary action types: liquidation. CIN: not extracted.
silverton-spinners-limited,Silverton Spinners Limited,,6,6,23,,insolvency | liquidation,South 24 Parganas,IBBI Liquidation Auctions - Parganas - Page 1 | IBBI Liquidation Auctions - Parganas - Page 2 | IBBI Liquidation Auctions - West Bengal - Page 1 | IBBI Liquidation Auctions - West Bengal - Page 2 | IBBI Liquidation Auctions - West Bengal - Page 3 | IBBI Liquidation Auctions - West Bengal - Page 4,03-11-2025,30-03-2026,Silverton Spinners Limited,https://ibbi.gov.in/uploads/auction_notice_liquidation/b96ce5eddf584fef22603ab902defbd0.pdf,"Silverton Spinners Limited appears in 23 record(s) across 6 source(s). Primary action types: insolvency, liquidation. CIN: not extracted."
dev-r-nil-design-private-limited,Dev R Nil Design Private Limited,,3,3,6,,insolvency,,IBBI Liquidation Auctions - Kolkata - Page 2 | IBBI Liquidation Auctions - Kolkata - Page 3 | IBBI Liquidation Auctions - Kolkata - Page 4,10-07-2025,25-03-2025,Dev R Nil Design Private Limited,https://ibbi.gov.in/uploads/auction_notice_liquidation/30c123b8df5c383cb3b5efeef38109da.pdf,Dev R Nil Design Private Limited appears in 6 record(s) across 3 source(s). Primary action types: insolvency. CIN: not extracted.
fabricators-private-limited,Fabricators Private Limited,,3,3,5,,other,,IBBI Liquidation Auctions - Parganas - Page 2 | IBBI Liquidation Auctions - Parganas - Page 3 | IBBI Liquidation Auctions - Parganas - Page 4,03-12-2021,25-02-2025,M/s Precision Engineers & Fabricators Private Limited,https://ibbi.gov.in/uploads/auction_notice_liquidation/2025-02-25-124009-y1tkn-db6a0450fcc038b9d80342fe0abd4e64.pdf,Fabricators Private Limited appears in 5 record(s) across 3 source(s). Primary action types: other. CIN: not extracted.
ak-power-industries-private-limited,AK Power Industries Private Limited,,3,3,5,,other,,IBBI Liquidation Auctions - Howrah - Page 1 | IBBI Liquidation Auctions - Howrah - Page 2 | IBBI Liquidation Auctions - Howrah - Page 3,02-08-2024,22-10-2024,AK Power Industries Private Limited,https://ibbi.gov.in/uploads/auction_notice_liquidation/6764a23cb2a7dc80d3f05d56051ee735.pdf,AK Power Industries Private Limited appears in 5 record(s) across 3 source(s). Primary action types: other. CIN: not extracted.
b.d.motors-limited,B.D.Motors Limited,,3,3,4,,other,,IBBI Liquidation Auctions - Asansol - Page 1 | IBBI Liquidation Auctions - Durgapur - Page 1 | IBBI Liquidation Auctions - Kolkata - Page 2,09-04-2022,27-02-2023,B.D.Motors Limited,https://ibbi.gov.in/uploads/auction_notice_liquidation/e857f7b75cdccad776b0f9faa5ec0b63.pdf,B.D.Motors Limited appears in 4 record(s) across 3 source(s). Primary action types: other. CIN: not extracted.
k.s.-oils-limited,K.S. Oils Limited,,2,2,12,,liquidation,Purba Medinipur,IBBI Liquidation Auctions - Haldia - Page 1 | IBBI Liquidation Auctions - Medinipur - Page 2,03-01-2024,31-07-2024,K.S. Oils Limited,https://ibbi.gov.in/uploads/auction_notice_liquidation/35aab928dd0b9f629d4af4f4aea06aab.pdf,K.S. Oils Limited appears in 12 record(s) across 2 source(s). Primary action types: liquidation. CIN: not extracted.
khaitan-electricals-ltd,Khaitan Electricals Ltd,,2,2,4,,other,South 24 Parganas,IBBI Liquidation Auctions - Parganas - Page 2 | IBBI Liquidation Auctions - West Bengal - Page 1,21-08-2024,28-03-2026,Khaitan Electricals Ltd.,https://ibbi.gov.in/uploads/auction_notice_liquidation/2026-03-28-130232-el0vb-30cc543a76a53d90e3c96ede242364eb.pdf,Khaitan Electricals Ltd appears in 4 record(s) across 2 source(s). Primary action types: other. CIN: not extracted.
techno-fab-manufacturing-ltd,Techno Fab Manufacturing Ltd,,2,2,2,,other,Howrah,IBBI Liquidation Auctions - Howrah - Page 2 | IBBI Liquidation Auctions - West Bengal - Page 1,15-03-2024,28-03-2026,Techno Fab Manufacturing Ltd.,https://ibbi.gov.in/uploads/auction_notice_liquidation/2026-03-28-125626-5k17j-63675a4f83b237cd003d9d0b9e440f56.pdf,Techno Fab Manufacturing Ltd appears in 2 record(s) across 2 source(s). Primary action types: other. CIN: not extracted.
bansal-oil-extraction-pvt.-ltd,Bansal Oil Extraction Pvt. Ltd,,2,2,2,,other,,IBBI Liquidation Auctions - West Bengal - Page 1 | IBBI Liquidation Auctions - West Bengal - Page 3,19-03-2026,23-10-2025,Bansal Oil Extraction Pvt. Ltd,https://ibbi.gov.in/uploads/auction_notice_liquidation/93bd61756e40d2e021c16da5de9a289e.pdf,Bansal Oil Extraction Pvt. Ltd appears in 2 record(s) across 2 source(s). Primary action types: other. CIN: not extracted.
prapti-fashions-pvt.-limited,Prapti Fashions Pvt. Limited,,1,1,5,,other,,IBBI Liquidation Auctions - Kolkata - Page 1,12-03-2026,16-02-2026,Prapti Fashions Pvt. Limited,https://ibbi.gov.in/uploads/auction_notice_liquidation/2026-02-16-231433-0mwp8-44b260fa97ba46e3002ee752487b37db.pdf,Prapti Fashions Pvt. Limited appears in 5 record(s) across 1 source(s). Primary action types: other. CIN: not extracted.
modern-india-concast-limited,Modern India Concast Limited,,1,1,5,,other,,IBBI Liquidation Auctions - Haldia - Page 2,11-01-2022,22-01-2022,Modern India Concast Limited,https://ibbi.gov.in/uploads/auction_notice_liquidation/7b1ea3182c18acc7af61e3493dbc9777.pdf,Modern India Concast Limited appears in 5 record(s) across 1 source(s). Primary action types: other. CIN: not extracted.
salasar-exim-limited,Salasar EXIM Limited,,1,1,3,,other,,IBBI Liquidation Auctions - Howrah - Page 1,05-03-2025,24-04-2025,Salasar EXIM Limited,https://ibbi.gov.in/uploads/auction_notice_liquidation/0d810a5b8dd6f2e22ad2bc3eaf49d4eb.pdf,Salasar EXIM Limited appears in 3 record(s) across 1 source(s). Primary action types: other. CIN: not extracted.
rajprtim-agencies-private-limited,Rajprtim Agencies Private Limited,,1,1,3,,other,,IBBI Liquidation Auctions - Howrah - Page 1,07-09-2024,21-10-2024,Rajprtim Agencies Private Limited,https://ibbi.gov.in/uploads/auction_notice_liquidation/2024-10-21-173801-8sm56-3f85a97b0671752f5cbbf1383c4a4dab.pdf,Rajprtim Agencies Private Limited appears in 3 record(s) across 1 source(s). Primary action types: other. CIN: not extracted.
kolkata-municipal-corporation,Kolkata Municipal Corporation,,3,1,3,,liquidation,Kolkata | South 24 Parganas,Google News RSS - Kolkata corporate fraud company | Google News RSS Historical - Kolkata insolvency company [2025-2025] | IBBI Liquidation Auctions - Parganas - Page 3,26-07-2022,"Wed, 04 Feb 2026 08:00:00 GMT","West Bengal: Kolkata Municipal Corporation accused of issuing Birth Certificates for Rs 30,000 amid SIR — TMC behind? - organiser.org",https://news.google.com/rss/articles/CBMi8gFBVV95cUxPNUw5c2Y1RU4yTmN1VmlzQ19LYWdQUVhOa2VIWUc3UWY0UHE4M0d5OTI1VlVtekhyU0J3Zk5sQWFjOWRiQmNLQW43UmQ3b0ZVNW1BcTR0aHJmSGRSRTgtdi1YdVNxVFBkQVNTR1pQNkI2U3JaQy1vYUczYXBEU2NLbHNYaEcwSFctUW1Pa0tYbV9BRXppWXJucTZZeTZSRjhmMWcwYjBGSVc4Rm9GT2l1Q0o3NTgtbnRlUGF4LWYzMlpleTl1bGJUMUFZOFJfMFJWcGl2TW52QVBpVW5HUm84N3FhSEZLY1AyQWxFQ0czQjRPd9IB9wFBVV95cUxQMzdRWlVYNldOSmZuYU41NUVzdDg5RXBQSFNQa2dGeHlQeUNYcWVxajVVSmlqU0hjV21rNEpGRjl1R3RpODcxc29YOWUxanhJakpkUGhuZk0wQnl3c1g1QVVvXzVjZTFoTWcxdDFscl91OS1lcWVWbEJDTXpvcEFBNUZWUlhsZmlGSUZweGZmUndIeHJjWWVTbnhPbVVhWjF0Qmw4N0Y5bV9kRU9nNE1QUjZoZ0Jaa2hqMWJrRGo2NWEtOTNEcERxR1h6U3doNUhKdmdxMkNmMzhzclNWbDR6UXQ2djhoT3lWY0xWWUozZzRfRmxlVjZn?oc=5,Kolkata Municipal Corporation appears in 3 record(s) across 3 source(s). Primary action types: liquidation. CIN: not extracted.
capital-electronics-and-appliances-limited,Capital Electronics And Appliances Limited,,1,1,3,,other,,IBBI Liquidation Auctions - Kolkata - Page 3,22-07-2025,22-07-2025,Capital Electronics And Appliances Limited,https://ibbi.gov.in/uploads/auction_notice_liquidation/7329c95b4b4ece29f95cd9b016321d4e.pdf,Capital Electronics And Appliances Limited appears in 3 record(s) across 1 source(s). Primary action types: other. CIN: not extracted.
swati-mining-private-limited,Swati Mining Private Limited,,1,1,2,,other,,IBBI Liquidation Auctions - Howrah - Page 3,10-05-2022,20-11-2021,Swati Mining Private Limited,https://ibbi.gov.in/uploads/auction_notice_liquidation/1f579bf8d56a9bc70c18aae51fa95f7e.pdf,Swati Mining Private Limited appears in 2 record(s) across 1 source(s). Primary action types: other. CIN: not extracted.
newsprint-private-limited,Newsprint Private Limited,,1,1,2,,other,,IBBI Liquidation Auctions - Parganas - Page 3,13-07-2022,26-06-2022,Kohinoor Paper and Newsprint Private Limited,https://ibbi.gov.in/uploads/auction_notice_liquidation/1715e4970249fbf3f6011d155e28b447.pdf,Newsprint Private Limited appears in 2 record(s) across 1 source(s). Primary action types: other. CIN: not extracted.
naresh-retail-mart-llp,Naresh Retail Mart LLP,,1,1,2,,other,,IBBI Liquidation Auctions - Howrah - Page 2,15-01-2024,21-02-2024,Naresh Retail Mart LLP,https://ibbi.gov.in/uploads/auction_notice_liquidation/6ed312dd30666afda6a6ebadd1afc2fb.pdf,Naresh Retail Mart LLP appears in 2 record(s) across 1 source(s). Primary action types: other. CIN: not extracted.
west-bengal-housing-infrastructure-development-corporation-ltd,West Bengal Housing Infrastructure Development Corporation Ltd,,1,1,1,,other,,IBBI Orders - NCLAT - Page 5,"28 Oct, 2025","28 Oct, 2025","In the matter of West Bengal Housing Infrastructure Development Corporation Ltd. vs. Kshitiz Chhawchharia, [IA No. 7882 of 2024 in CA (AT) (Ins) No. 2119 of 2024]",https://www.ibbi.gov.in/uploads/order/3d5c255b368b664b8749fb8fe895b595.pdf,West Bengal Housing Infrastructure Development Corporation Ltd appears in 1 record(s) across 1 source(s). Primary action types: other. CIN: not extracted.
vincom-industries,Vincom Industries,,1,1,1,,other,,IBBI Liquidation Auctions - Kolkata - Page 2,12-09-2025,12-09-2025,scope Vincom Industries (P) Ltd,https://ibbi.gov.in/uploads/auction_notice_liquidation/e16880f0b8e97f4e39abaad0d75fc233.pdf,Vincom Industries appears in 1 record(s) across 1 source(s). Primary action types: other. CIN: not extracted.
small-tools-mfg.-co.-of-india-ltd,Small Tools Mfg. Co. of India Ltd,,1,1,1,,liquidation,,Calcutta High Court Company Liquidation,20-Feb-2021,20-Feb-2021,Winding up notification dated 09.02.2021 of M/s. Small Tools Mfg. Co. of India Ltd. (BIFR 88 of 1987),https://calcuttahighcourt.gov.in/Notice-Files/company-liquidation-notice/3780,Small Tools Mfg. Co. of India Ltd appears in 1 record(s) across 1 source(s). Primary action types: liquidation. CIN: not extracted.
sarnamoy-plastic-sack-manufacturing-private-limited,Sarnamoy Plastic Sack Manufacturing Private Limited,,1,1,1,,liquidation,,IBBI Liquidation Auctions - Parganas - Page 4,20-11-2021,20-11-2021,Sarnamoy Plastic Sack Manufacturing Private Limited,https://ibbi.gov.in/uploads/auction_notice_liquidation/08412f263896fc2f83f760c228d4c6eb.pdf,Sarnamoy Plastic Sack Manufacturing Private Limited appears in 1 record(s) across 1 source(s). Primary action types: liquidation. CIN: not extracted.
sancia-global-infra-project-limited,Sancia Global Infra Project Limited,,1,1,1,,liquidation,,Calcutta High Court Company Liquidation,24-Dec-2021,24-Dec-2021,Winding up Notification dated 23.12.2021 of Sancia Global Infra Project Limited in C. P. No. 644 of 2014,https://calcuttahighcourt.gov.in/Notice-Files/company-liquidation-notice/5341,Sancia Global Infra Project Limited appears in 1 record(s) across 1 source(s). Primary action types: liquidation. CIN: not extracted.
rnm-infra-private-limited,RNM Infra Private Limited,,1,1,1,,other,Hooghly,IBBI Liquidation Auctions - Hooghly - Page 1,05-08-2023,05-08-2023,RNM Infra Private Limited,https://ibbi.gov.in/uploads/auction_notice_liquidation/d1a866f6bed091b269e8f74944b338fd.pdf,RNM Infra Private Limited appears in 1 record(s) across 1 source(s). Primary action types: other. CIN: not extracted.
raghav-sarees-private-limited,Raghav Sarees Private Limited,,1,1,1,,insolvency,,IBBI Liquidation Auctions - Kolkata - Page 1,19-01-2026,19-01-2026,Raghav Sarees Private Limited,https://ibbi.gov.in/uploads/auction_notice_liquidation/c854a076695059930e51d04344b81702.pdf,Raghav Sarees Private Limited appears in 1 record(s) across 1 source(s). Primary action types: insolvency. CIN: not extracted.
purbanchal-petroleum-pvt.-ltd,Purbanchal Petroleum Pvt. Ltd,,1,1,1,,other,,NCLT Kolkata Final Orders,,,M/s. Mrityunjay Kar. Vs Purbanchal Petroleum Pvt. Ltd. & Ors.,https://archive.nclt.gov.in/sites/default/files/old_interm-final_order/kolkata_2017_397-398/38.pdf,Purbanchal Petroleum Pvt. Ltd appears in 1 record(s) across 1 source(s). Primary action types: other. CIN: not extracted.
paper-trade-&-industries-private-limited,Paper Trade & Industries Private Limited,,1,1,1,,liquidation,,Calcutta High Court Company Liquidation,28-Mar-2019,28-Mar-2019,Winding up Notification of M/s. Paper Trade & Industries Private Limited in C. P. No. 959 of 2016,https://calcuttahighcourt.gov.in/Notice-Files/company-liquidation-notice/2032,Paper Trade & Industries Private Limited appears in 1 record(s) across 1 source(s). Primary action types: liquidation. CIN: not extracted.
multiple-hotels-private-limited,Multiple Hotels Private Limited,,1,1,1,,other,,IBBI Orders - NCLT - Page 11,"13 Jan, 2026","13 Jan, 2026",In the matter of Multiple Hotels Private Limited [I.A (IB) No. 155/KB/2025 in C.P (IB) No. 204/KB/2019],https://www.ibbi.gov.in/uploads/order/88c5f495445eb12db2b8813cd5dff770.pdf,Multiple Hotels Private Limited appears in 1 record(s) across 1 source(s). Primary action types: other. CIN: not extracted.
kohlbros-communications-pvt.-ltd,Kohlbros Communications Pvt. Ltd,,1,1,1,,liquidation,,Calcutta High Court Company Liquidation,13-Aug-2019,13-Aug-2019,Winding up Notification of Kohlbros Communications Pvt. Ltd. in C. P. No. 846 of 2015,https://calcuttahighcourt.gov.in/Notice-Files/company-liquidation-notice/2288,Kohlbros Communications Pvt. Ltd appears in 1 record(s) across 1 source(s). Primary action types: liquidation. CIN: not extracted.
kd-digital-signature-solution-pvt.-ltd,KD Digital Signature Solution Pvt. Ltd,,1,1,1,,other,,NCLT Kolkata Final Orders,,,M/s. Sri sandip Das Vs KD Digital Signature Solution Pvt. Ltd,https://archive.nclt.gov.in/sites/default/files/old_interm-final_order/kolkata_2017_397-398/35.pdf,KD Digital Signature Solution Pvt. Ltd appears in 1 record(s) across 1 source(s). Primary action types: other. CIN: not extracted.
kalyanpur-cements-limited,Kalyanpur Cements Limited,,1,1,1,,insolvency,,NCLAT Daily Orders Registrar Court,23/01/2020,23/01/2020,"Registrar of Companies, West Bengal vs Kalyanpur Cements Limited Now known as Dalmia DSP Limited",https://nclat.nic.in/sites/default/files/migration/upload/1685935761611a2d18dd062.pdf,Kalyanpur Cements Limited appears in 1 record(s) across 1 source(s). Primary action types: insolvency. CIN: not extracted.
kaizen-power-ltd,Kaizen Power Ltd,,1,1,1,,other,,IBBI Orders - NCLT - Page 6,"12 Feb, 2026","12 Feb, 2026","UCO Bank vs. Kaizen Power Ltd. [I.A. (IBC) 1748(KB) of 2025, I.A. (IBC) 1858(KB) of 2025 and I.A. (IBC) (Plan) 28(KB) of 2025 in C.P. (IB) 254(KB) of 2019",https://www.ibbi.gov.in/uploads/order/57b36925bc794db18d7766d2e9586c39.pdf,Kaizen Power Ltd appears in 1 record(s) across 1 source(s). Primary action types: other. CIN: not extracted.
jewellery-limited,Jewellery Limited,,1,1,1,,other,,SFIO What's New,27/03/2026,27/03/2026,Publishing of ‘Notice for servicing in Gujarat and Maharashtra’ – 2026-04 – Winsome Diamond and Jewellery Limited & ors. – reg.,https://cdnbbsr.s3waas.gov.in/s3d51b416788b6ee70eb0c381c06efc9f1/uploads/2026/03/202603271043431038.pdf,Jewellery Limited appears in 1 record(s) across 1 source(s). Primary action types: other. CIN: not extracted.
iag-company-limited,IAG Company Limited,,1,1,1,,liquidation,,Calcutta High Court Company Liquidation,18-Mar-2019,18-Mar-2019,Winding up notification of IAG Company Limited in CP No.202 of 2013,https://calcuttahighcourt.gov.in/Notice-Files/company-liquidation-notice/2016,IAG Company Limited appears in 1 record(s) across 1 source(s). Primary action types: liquidation. CIN: not extracted.
hindusthan-small-tools-private-limited,Hindusthan Small Tools Private Limited,,1,1,1,,liquidation,,IBBI Liquidation Auctions - Kolkata - Page 2,26-09-2025,26-09-2025,HINDUSTHAN SMALL TOOLS PVT LTD,https://ibbi.gov.in/uploads/auction_notice_liquidation/437175ba4191210ee004e1d937494d09.pdf,Hindusthan Small Tools Private Limited appears in 1 record(s) across 1 source(s). Primary action types: liquidation. CIN: not extracted.
hansraj-agrofresh-private-limited,Hansraj Agrofresh Private Limited,,1,1,1,,other,,IBBI Liquidation Auctions - West Bengal - Page 1,09-03-2026,09-03-2026,Hansraj Agrofresh Private Limited,https://ibbi.gov.in/uploads/auction_notice_liquidation/4ff5d9b89ec2b2daa0db91781fca7468.pdf,Hansraj Agrofresh Private Limited appears in 1 record(s) across 1 source(s). Primary action types: other. CIN: not extracted.
goldmine-food-products-limited,GoldMine Food Products Limited,,1,1,1,,liquidation,,Calcutta High Court Company Liquidation,02-Jan-2020,02-Jan-2020,Winding up notification - C.P. 72/2016 ( GoldMine Food Products Limited),https://calcuttahighcourt.gov.in/Notice-Files/company-liquidation-notice/2519,GoldMine Food Products Limited appears in 1 record(s) across 1 source(s). Primary action types: liquidation. CIN: not extracted.
glory-furnishers-private-limited,Glory Furnishers Private Limited,,1,1,1,,other,,IBBI Liquidation Auctions - West Bengal - Page 4,29-06-2025,29-06-2025,Glory Furnishers Private Limited,https://ibbi.gov.in/uploads/auction_notice_liquidation/7aa8ddb0c1c5b9c1ca072db1e2835361.pdf,Glory Furnishers Private Limited appears in 1 record(s) across 1 source(s). Primary action types: other. CIN: not extracted.
eskay-properties-development-private-limited,Eskay Properties Development Private Limited,,1,1,1,,other,,IBBI Orders - NCLT - Page 9,"29 Jan, 2026","29 Jan, 2026",In the matter of Eskay Properties Development Private Limited [C.P. (IB)No. 85/KB/2023],https://www.ibbi.gov.in/uploads/order/7fb2affd66e614bec4a6f1a79fabf37d.pdf,Eskay Properties Development Private Limited appears in 1 record(s) across 1 source(s). Primary action types: other. CIN: not extracted.
corporate-ispat-alloys-limited,Corporate Ispat Alloys Limited,,1,1,1,,liquidation,,Calcutta High Court Company Liquidation,22-Nov-2019,22-Nov-2019,Winding up Notification of M/s. Corporate Ispat Alloys Limited in C. P. No. 896 of 2016,https://calcuttahighcourt.gov.in/Notice-Files/company-liquidation-notice/2450,Corporate Ispat Alloys Limited appears in 1 record(s) across 1 source(s). Primary action types: liquidation. CIN: not extracted.
contai-bus-syandicate-pvt.-ltd,Contai Bus Syandicate Pvt. Ltd,,1,1,1,,other,,NCLT Kolkata Final Orders,,,M/s. Ganesh Prashad Yadav & Anr Vs Contai Bus Syandicate Pvt. Ltd. & Ors.,https://archive.nclt.gov.in/sites/default/files/old_interm-final_order/kolkata_2017_397-398/36.pdf,Contai Bus Syandicate Pvt. Ltd appears in 1 record(s) across 1 source(s). Primary action types: other. CIN: not extracted.
confitech-sales-private-limited,Confitech Sales Private Limited,,1,1,1,,other,,IBBI Orders - NCLT - Page 8,"04 Feb, 2026","04 Feb, 2026",In the matter of Confitech Sales Private Limited [CP (IB) No. 243/(KB)2024],https://www.ibbi.gov.in/uploads/order/6c100fa595b0eca1065d48db4cb790ba.pdf,Confitech Sales Private Limited appears in 1 record(s) across 1 source(s). Primary action types: other. CIN: not extracted.
co.-pvt.-ltd,Co. Pvt. Ltd,,1,1,1,,other,,NCLT Kolkata Final Orders,,,M/s. Uma Tivari & Anr Vs Tiwari Bechar & Co. Pvt. Ltd. & Ors.,https://archive.nclt.gov.in/sites/default/files/old_interm-final_order/kolkata_2017_397-398/37.pdf,Co. Pvt. Ltd appears in 1 record(s) across 1 source(s). Primary action types: other. CIN: not extracted.
chandra-royal-inn-p.-ltd,Chandra Royal Inn P. Ltd,,1,1,1,,other,,NCLT Kolkata Final Orders,,,M/s. Chandra Royal Inn P. Ltd.,https://archive.nclt.gov.in/sites/default/files/old_interm-final_order/kolkata_2017_397-398/726.pdf,Chandra Royal Inn P. Ltd appears in 1 record(s) across 1 source(s). Primary action types: other. CIN: not extracted.
begwani-trade-and-industries-private-limited,Begwani Trade and Industries Private Limited,,1,1,1,,liquidation,,Calcutta High Court Company Liquidation,28-Mar-2019,28-Mar-2019,Winding up Notification of M/s Begwani Trade and Industries Private Limited in C. P. No. 958 of 2016,https://calcuttahighcourt.gov.in/Notice-Files/company-liquidation-notice/2031,Begwani Trade and Industries Private Limited appears in 1 record(s) across 1 source(s). Primary action types: liquidation. CIN: not extracted.
agarwal-commodities-broker-private-limited,Agarwal Commodities Broker Private Limited,,1,1,1,,liquidation,,IBBI Orders - NCLT - Page 6,"12 Feb, 2026","12 Feb, 2026",In the matter of Agarwal Commodities Broker Private Limited [CP (IB) No. 146/KB/2025],https://www.ibbi.gov.in/uploads/order/2026-02-14-115917-1kchm-d5fbaa4110e54892ff4e97d02f51c0fd.pdf,Agarwal Commodities Broker Private Limited appears in 1 record(s) across 1 source(s). Primary action types: liquidation. CIN: not extracted.
agarpara-company-ltd,Agarpara Company Ltd,,1,1,1,,other,,NCLT Kolkata Final Orders,,,M/s. Nextgen Delears Pvt.Ltd. Vs Agarpara Company Ltd. & Ors.,https://archive.nclt.gov.in/sites/default/files/old_interm-final_order/kolkata_2017_397-398/517.pdf,Agarpara Company Ltd appears in 1 record(s) across 1 source(s). Primary action types: other. CIN: not extracted.
srei-group,Srei Group,,2,0,2,,fraud,,Google News RSS - Kolkata corporate fraud company | Google News RSS Historical - Kolkata insolvency company [2015-2019],"Fri, 26 Dec 2025 08:00:00 GMT","Tue, 04 Jun 2019 07:00:00 GMT",NCLT approves Srei Group’s takeover plan for Deccan Chronicle - VCCircle,https://news.google.com/rss/articles/CBMijwFBVV95cUxNcUV4TF85Z003ME1ORDhocllvQUtNQ0RDb0Y2c2NOOUxDbHd1dDRKbWFHNlZQTDlQVTBsSU9vRkZYWjRtVG9RYUZqX09nQ3NMUzgxWl85ZS12alAybUF0cjFmNDhfTlJKc1NmYXhwbmxDSGw3LWR3cTNYWnBKSWFNa0lTVlhHd1NsQ0R2Q1M5RQ?oc=5,Srei Group appears in 2 record(s) across 2 source(s). Primary action types: fraud. CIN: not extracted.
steel-ltd,Steel Ltd,,1,0,1,,liquidation,,Google News RSS Historical - West Bengal company liquidation [2025-2025],"Sat, 03 May 2025 07:00:00 GMT","Sat, 03 May 2025 07:00:00 GMT","Supreme Court rejects JSW’s resolution plan for Bhushan Power & Steel Ltd, orders liquidation - Telegraph India",https://news.google.com/rss/articles/CBMi3wFBVV95cUxQSUtXVmtDQUtTcTBid1QxaHl4eHlyMjVkcnVkeHRuMmt0WU05dEUxSW5yV0szSmFEeFRjSXItQjhEbk9yU3VTT0hIM3FsR28zbnBCU2s3SHJURlZWNE43M1o5MFVGRzJPRWszRkoxOFE3eHZlNnBLWGpzS04yd1FsREZobmNjR0xjTFNQbHpIVzRlWlBfeWxsX25lRExUeEN0b1BZZkE0bDlJUTJHZlZidFNMdzJVTFRDUE01Z2hBZFRoTmJNM3FWVTFjU2VYT1RKVU91VEpidXR2bVluSGJJ0gHkAUFVX3lxTE54UmZZbVE4MVJSVmJxLVN4cTQ3SzQxY0p5aW9tbUx6QWtlR09ydTBRZXRSUktGdFhsclFvYkR0QWdGQjE3YVNDTWw1ZHA3aklQLV9Wb2tYOWc5bm10YjViRE5iMVdSLWtSOWN5MkpVcldwbVNCVGRnWElySGpHbnhhZzI3RmN6OTVBbnpFZFdnbmxmSG9OQjVTUXVUdU5BTXYzTlNxbGplbzRmbTF1RUdMekhFcV8xbGhTV3RPWV9tM2UxOVd6Wi1rNkhQUlJJWEYwYTA2VjJiTXRUS2kwQ3dlS1NTUw?oc=5,Steel Ltd appears in 1 record(s) across 1 source(s). Primary action types: liquidation. CIN: not extracted.
srei-equipment-finance-ltd,SREI Equipment Finance Ltd,,1,0,1,,other,,Google News RSS Historical - Calcutta High Court winding up company [2025-2025],"Wed, 02 Jul 2025 07:00:00 GMT","Wed, 02 Jul 2025 07:00:00 GMT",Supreme Court to Decide: Are RBI circulars binding on SREI Equipment Finance Ltd? - SCC Online,https://news.google.com/rss/articles/CBMikgFBVV95cUxPOWpGSG1KdkJHSFFWSFNoN0Q5U2luWVM5MWxDT1ZaT3JjaWdSZlZhWE1RdWY3VE40Q3pjZ3E4WkhkOEJINElMRjhGMDBZQlVmVGdyZktrMmhyY3pGczR2QzBRZWUtWmtIQ0dqTWhVbmU3NG1TWjZkT3JfZ1JfNkFJNTlYZktHSUF5QlFXVGVCR2EwUQ?oc=5,SREI Equipment Finance Ltd appears in 1 record(s) across 1 source(s). Primary action types: other. CIN: not extracted.
soundarya-rajinikanth's-ocher-enterprises,Soundarya Rajinikanth's Ocher Enterprises,,1,0,1,,other,,Google News RSS Historical - ROC Kolkata struck off company [2015-2019],"Thu, 21 Sep 2017 07:00:00 GMT","Thu, 21 Sep 2017 07:00:00 GMT",Soundarya Rajinikanth's Ocher Enterprises removed from register of companies - The Hindu,https://news.google.com/rss/articles/CBMivgFBVV95cUxPMGhoTVNySXoyOFN6Q20tQ2JrWW1meUE2cjhwZld5bUZkREcyNWFCMkN3Qy1MeC1GbHlNblhzVl9VbGlqZ19EOTJiVHpRQVBPSDNEdWYxdEhTdjkxNzVUQXkwT0tGRVhqbzgzRUJnSXFPd1ZvcnlzLUFZSlRWUFU5dTNvcGdBbDNBUWtvUFBHclhROVo3MzI0TWt0TkZiZkROZk1vTWhiek9JTm9BdnJ5NlFrZkQ1eDloUjltWHZB0gHEAUFVX3lxTE9ubERvQTR2WlFfS1VTTnRDc2xtVms3cVZMR19DMnlyaXJiY1N5QWlwbXVuN09LTmVlSHpZakdKYWU3dEhDLVA5aUk3SVJsRl9sckF4dXlBSWl0S2JpRUVjSlhtdmF6SHlXZzlHT1h6RXVTQjVQYUJsdkdpdFVnQVBHUS00dmpvbXRtLXdPNF9LRVJ2NU1ZWmVZTzVkNWJQSWVLejRydjhGbG1IYVVNVENBNDgyZ05VZzZjb0w1eW5KTlVzSWU?oc=5,Soundarya Rajinikanth's Ocher Enterprises appears in 1 record(s) across 1 source(s). Primary action types: other. CIN: not extracted.
self-help-group,Self-Help Group,,1,0,1,,other,Bankura,Google News RSS Historical - West Bengal company fraud [2020-2024],"Sat, 22 Apr 2023 07:00:00 GMT","Sat, 22 Apr 2023 07:00:00 GMT","West Bengal: Self-Help Group Loan ‘Scam’ in Bankura, Several Women Affected - newsclick.in",https://news.google.com/rss/articles/CBMimAFBVV95cUxNYVFSVjd0c2pwZlZFcExhS0N3aGpwMmpxcDBzOGhZQ01uOEV0bUV6cURWR2twNDZnWVc5aUpoMlphLXBCaTJYQWlyWTJKYm1CRHAwTXQ5NlI1eGxCN2FQX3Ffb2VoSFdxZ1NBdVJna3ZxNmdHNXAzVFc1OTF1US1USUhpRlNXNS1pajk0VTd6Mzl3a2xhWFBXNtIBngFBVV95cUxOdVZUbWwzR25QOF9Xa0N2X3lZOV9GS01SS2g3bEtVNkI4VUxsM2lleTJwN2hYQkdOaWh6V0E5ckZDTm5NS194SklIbTNEckQzR0VYQlpvajNtZi1RQ2J5bTI1UjVDYXRVbVNFTUdIQ2FZX3JhR1Q2UzNEa2trSTFveFZxRnZEZHFITlBwcFdFRDVnZDRqZWkyaG9RYm9OZw?oc=5,Self-Help Group appears in 1 record(s) across 1 source(s). Primary action types: other. CIN: not extracted.
ruia-group,Ruia Group,,1,0,1,,money laundering,,Google News RSS Historical - Calcutta High Court winding up company [2010-2014],"Wed, 13 Nov 2013 08:00:00 GMT","Wed, 13 Nov 2013 08:00:00 GMT","Ruia Group in trouble, ED finds money laundering traces in Falcon's book of accounts - India Today",https://news.google.com/rss/articles/CBMiuAFBVV95cUxNU0lNWWRJdFphNVRGTmZJSllzbERwcXJPdkh5Rzc3RzdlRThEdFhqQ0NzRG9pQU9YSUZWRkdJYW1WTWFaaUZybkxheDhqNTNQczlieVBEZ1V6SEh0N1hfeDJUdTBiSk1LcThkWi1YUkllY2tab0Y2ek5xdE5YWGlaV1Y0cUhxaHJEaWJwa1JGelVRa2NfNlkxSTgtRUE0YVE1ODBySWFWeUZ3LWpEY2x4MzBoVFhoY0NY?oc=5,Ruia Group appears in 1 record(s) across 1 source(s). Primary action types: money laundering. CIN: not extracted.
radhagobind-commercial-limited,Radhagobind Commercial Limited,,1,0,1,,insolvency,,Google News RSS Historical - Kolkata insolvency company [2025-2025],"Fri, 31 Oct 2025 07:00:00 GMT","Fri, 31 Oct 2025 07:00:00 GMT",Radhagobind Commercial Limited Faces Insolvency Proceedings as NCLT Admits Petition - scanx.trade,https://news.google.com/rss/articles/CBMi0wFBVV95cUxQelJrQ2c1WVhQU3ktbmZXdnZiZXVaODFFelBrTHVYblZST1pOUEVkbzF1c3Z2bWpmSjk1Sy1qZmVjSjg0cXBCWE01SUZ2V3BDaWQ3Q3FkdXp2S2c1NU4tN1N4NVpUUmVieXhWUy1qQVJNSVVkbzFJM1VNLVpBM0Ribm5ONkg1WUp6cE5CcVA3OWxfVUl5dzh5emxYZ1hfZk0tQnVKQ3ZEWXRFcE91LTZ0OUJHYzVNT0tsYlFUMnRQalk2OWpnbm83Y2V2SXNXZFY5M3dN?oc=5,Radhagobind Commercial Limited appears in 1 record(s) across 1 source(s). Primary action types: insolvency. CIN: not extracted.
nicco-corp,Nicco Corp,,1,0,1,,liquidation,,Google News RSS Historical - West Bengal company liquidation [2015-2019],"Wed, 18 Oct 2017 07:00:00 GMT","Wed, 18 Oct 2017 07:00:00 GMT",NCLT orders liquidation proceedings against Nicco Corp - The Indian Express,https://news.google.com/rss/articles/CBMitwFBVV95cUxQc094U3cwcWdMN3dRLUNzSzNmTmJ4WE9uU0wyUFc3Y0E4aXkwYmhXcENwbTJGQzVPaktNbTJ1QmM5TXdSSWljR3l3eW1lak5HbVZEWjY0c2p0OHFJbFFQd2hFRHduWDk2WDkxczg4MzRqTEpJcm9VYUlKUkxCRE9MR24yTVM1NUFHZ3VfRHItU2RXRXNmSkRUbW5FbTB3TGFOVF9sVFE3cXFIODkzVk9RQTRpamVVQVHSAb4BQVVfeXFMUDl4el9ieEFEMUdrRkxvenY3OGFsZ0g2a1ZNbDhmbE1rM3hRd2I2OHlnZ1hoeFZPOXFrcHpNRVlHUjl5VWptb0hPbzJQYXNYc2dCNjloXzVnYTNmUVg4UHRkWTBYaVV6TUNVWnJUYW1XaE1obU5XSEtCcGk1R2hUTUsxNjVKSW0xQ3ZJVHVQN19MWTFrXzRxUjFYOVJzR3hOclpUYXBBX1lnT083a1U1ZXNUTVNOdDF3N1M0a3c3UQ?oc=5,Nicco Corp appears in 1 record(s) across 1 source(s). Primary action types: liquidation. CIN: not extracted.
nclt-initiates-insolvency-proceedings-against-diksha-greens-limited,NCLT Initiates Insolvency Proceedings Against Diksha Greens Limited,,1,0,1,,insolvency,,Google News RSS Historical - Kolkata insolvency company [2025-2025],"Wed, 30 Jul 2025 07:00:00 GMT","Wed, 30 Jul 2025 07:00:00 GMT",NCLT Initiates Insolvency Proceedings Against Diksha Greens Limited - scanx.trade,https://news.google.com/rss/articles/CBMizAFBVV95cUxQX0RzazVIb3hZdEgwSFpBUHhrLURUU2ZiSnlCcTMzb0c0VU9EU0hqUG9iaWZRc2ROR1ZiR1dxTW9KV1JvcGdIWHVoaWJjaGZfN09GaFB5MmZBc2p6UVhzNWJuWk5sdG1rMmJQekY0LXJRWHktRTFjVWx5M2tESU1TNEl5MlRrNF9qRUlnVGZqVWc3VTE5Y3QzZmxNVlo0eTlHa2t4TXRSNjNCQVNrQjNGRk1BWDJlZ3pRVTJhQXlsTWU0cmFXX2tVREtnUkw?oc=5,NCLT Initiates Insolvency Proceedings Against Diksha Greens Limited appears in 1 record(s) across 1 source(s). Primary action types: insolvency. CIN: not extracted.
navayuga-group,Navayuga Group,,1,0,1,,other,,Google News RSS Historical - ROC Kolkata struck off company [2015-2019],"Sat, 28 Jul 2018 07:00:00 GMT","Sat, 28 Jul 2018 07:00:00 GMT",47 Navayuga Group firms have 1 address - Deccan Chronicle,https://news.google.com/rss/articles/CBMiqAFBVV95cUxNM1dKajdSMTR3aUJOQXlGcnNqZHRETEdSeUNtT3QzWGdzVUZVWmRQY3otejl2TkVsTU9POW9mVE03eUV1NEE0ZENUcDAtRVE2MDM3aW9lWldIVXd3VEhyaE5hTkdmdVlRZmVKVlZuNXM4cUJWZWhuektuTXVxbGxudTB5MjRxWFZqbk93UHZmeG1JbFlBNm1nOVJkVGZqRkFHd3VMQkpfU03SAa4BQVVfeXFMTm5MSm1FYko0ZndnZzVma3NHU0JybDRVYTJkVW1ZLVA1UW5kWmU2ZTZrRXkySkQzaXdDZzA0ejMzTmhyWEtkaE5MVl9IQU5CYkFrRUNxU25UdGJrak9lR0JodmR0Z3ltMXVlcVI4T3VFcE5ocWZtQ0tQdFdPY1ltV25CaWxBcElydUw2SnZDdFcybDQtMmFMRjYtYWpJRVUtekFjUkRzTk1yd0Zjbm13?oc=5,Navayuga Group appears in 1 record(s) across 1 source(s). Primary action types: other. CIN: not extracted.
mps-group,MPS Group,,1,0,1,,other,,Google News RSS Historical - Kolkata corporate fraud company [2015-2019],"Wed, 28 Oct 2015 07:00:00 GMT","Wed, 28 Oct 2015 07:00:00 GMT",CBI arrests three directors of MPS Group in chit fund scam - The Hindu,https://news.google.com/rss/articles/CBMivwFBVV95cUxNUHJ5MzFCOFpEeFkwYVJqbThVd0hhWTd5MHdEdk0yTVRtMnJtWS1nTHh6d1huaHpSNklfRnZpYzNkbndOZktQRkZSUFFpcXJIZmVVbVR0aDN1Yjl2dENGSTd4NG0weERyZGJjUlJiY0VsMmZfdGdIT0drdWJDc3ZfeEhiV0dDbXFzZUdPajF0N3F2QVhYMUJnbE5WRnZKWDFvMElCSzJMbTRfNFF6WEJZYWptckdYRnZvVkpjQktRTdIBxgFBVV95cUxQbE45SEpCaThSUkgxaTl5VXppRk0wOVN0RDRGSE1mS2t4OGM3Tk9xVnlWRW5BNklQc015bjFNNDlCOWRhTE1CRlhxMUVSUDFHQS1uZDNuM256NktmMFJYbWY2VTUxQ2JjZ2RJU2dYZlVHcFhtR2xscVQtNG91UW15cGNHX2VUemRiLTBlcGhBZ1dENmhUQ3FNMnUwaDFVcjZ6ckx0emcwNEVJcmVMWHRTNUdpRThhaHhEN0dwbks1Ukowd3ZXbkE?oc=5,MPS Group appears in 1 record(s) across 1 source(s). Primary action types: other. CIN: not extracted.
mp-birla-group,MP Birla Group,,1,0,1,,other,,Google News RSS Historical - Calcutta High Court winding up company [2015-2019],"Tue, 13 Aug 2019 07:00:00 GMT","Tue, 13 Aug 2019 07:00:00 GMT",Setback for Lodhas in dispute over control of MP Birla Group - The Economic Times,https://news.google.com/rss/articles/CBMi2wFBVV95cUxOM3NXVUZFMUNCRFY1OVVDX09xU0duel9XbmFSc1F6RzB2bGo4N29memRWNjQ0R0tVNkxEdVVTd3NGME9TTHFwa1hMOWh3OFRqUHJZRkxsZEtiN1dQTE9jdWNrVk81Wk5femdWT1puczkzcXhkT0hZamUwMFNpZkx0ZXlMSGtNU0IyRjhEWGNlMEpaamFJVnlTbHNUZHVQZzF6dHpvcklGcGlQcUpXb3h1b05pVTUyVDR6UnktWXpXdVE5X3M0ZFdXdFdKV3cxc2FVeEJnMkJId09OeUXSAeABQVVfeXFMT2pLeHNkRzV0Zms1a2pSZ256cjdmdkIyeGtuWjhBSlhZNkN5akpoNnhNMVJ3bld3aURLZ2g0UVlaUXUzd0c3TnlzR05MWWltT2xoa2p2ckg5QUtUblhrSTlKVzRYZEVkVVU3cURLbWJxWmVhT0JJODM4X2FtMzUyTV9wLUM0ZTVvSVF0aE1JWU5NU0dIWjh3SWJJWDFKbjlRcjV1d19zQU5wMVFRcG5udWY0cjhTSElWTkJUMEw1ZHhnN0xkQTlzZWZjSkFmVTlOX0VmeVdZaGEtYXVScUdaRjM?oc=5,MP Birla Group appears in 1 record(s) across 1 source(s). Primary action types: other. CIN: not extracted.
madras-high-court-orders-winding-up-of-spicejet-ltd,Madras High Court Orders Winding Up Of SpiceJet Ltd,,1,0,1,,liquidation,,Google News RSS Historical - Calcutta High Court winding up company [2020-2024],"Mon, 06 Dec 2021 08:00:00 GMT","Mon, 06 Dec 2021 08:00:00 GMT","Madras High Court Orders Winding Up Of SpiceJet Ltd, Official Liquidator To Take Over The Company Assets - Live Law",https://news.google.com/rss/articles/CBMi6gFBVV95cUxOdWt0dUJ0OTlldGJZZmFXc1ZLa2JIRHdOWEJlN1dOUlVCRDhxTXAwWTZVbkVDUER5Q2lRQzBRdm4ySDNFWFBCQnVCWm9jRU5YN3dmS25YX3R3MXRoQnI2d3hDXzh6YlpVb19kd3Q2RE8ycWVBdWU3c0lUSHJlSXgxUGNnZEEtZUtmZ0JZdnBtQ1JDcUNCWldLajlWMW1mTlVhOUdzWTg1V0M5M0t5bUlfb0o1YnVOOWxtajdoaDB2RDdnbHVZN2RQUHpmRzd6N1lnNDVSeU5mR2o5ekVKS1R0U183dzg5VkdPaXfSAe8BQVVfeXFMTnhGRnhNUUtYT25zejd3aHotWDZKUHl1WjBKdWJnMTVSUDVKd0M4NllJekpLYU9MY05ZNnk5WEk4cFI3MEZlY0lfd2s0SDlhS3ppZEdjS1daaWQxMkdTZHk0amJobHlEZUlDVGNPNkM2Z0ctTnZPcHR3Z2RoTzlsRnNZemhfaVNHYnk0NXBMSjl0bVV0UEFyeEZQRDlPZzI3UHhoRUZOSEZwOFF0NXJIQVNxWWFnTWNEQ29mZVNXaVRNcXpDUklITnlJbFVFNFlIV3MxTHZWNkxWb0FHNEZKMC0ta2JSMGlCZEhoV2RGMU0?oc=5,Madras High Court Orders Winding Up Of SpiceJet Ltd appears in 1 record(s) across 1 source(s). Primary action types: liquidation. CIN: not extracted.
leading-bengali-journalist-working-with-times-group,Leading Bengali Journalist Working With Times Group,,1,0,1,,other,,Google News RSS Historical - West Bengal company fraud [2015-2019],"Fri, 21 Dec 2018 08:00:00 GMT","Fri, 21 Dec 2018 08:00:00 GMT",Scribes As Scamsters: Leading Bengali Journalist Working With Times Group Arrested By CBI In Chit Fund Scam - Swarajyamag,https://news.google.com/rss/articles/CBMi6gFBVV95cUxPQ3MxQ3BVSThwX2cyZTFzcGpvbmNnZGk3MG5fQW1GOUd3S01RbW5lSHlVOGF0UFFUUGx0dlJvR202VFc3ZnBQRWNPN0xvaGdVV2FFRWowUmZsenFaQXphcGd1TXIxRTMwcHFiS0dFRU43T1hLUEk0M1p6TW1TZFhqVkJ3aE5Mczl3MnhmaDZOOXFnOU5STTZmVmpQVkstem9ibUh4cWNUaW5xZENQdjdwWDNObW11blBxaUxUcmk4alBHcjhwZXdZa2ZrWFRoY2hRMjhKbzYxWHRNeGlQUXo0V085aXl0VGFQTGfSAfoBQVVfeXFMTnVqRjZNSDJMNlU0SnZheDZYVjVqTC0wS1VkQ1FmbzluNlNQZzFYZFQtZGRTOUlHOElDQ2N6b0dMR0gxa3loM3l3R09jTnFrOWJITzJhMndwTm9iN2RjQnE5QXJyUzY5VWNTLUcyVk40dlFiX3ZFaE9yQWIwbnNQaG52SzJ2V25UdWhQRHB1SFN2bU5kczBIM3FOVmxQS2hlb1RnRlc0OG9ONUFPN0dPMjFIcFFacWJwb2JvbUNLZk5YVnhTckV5c0YwcW5nQUpySUNpenBkX2NtcGVmUUNqMnJ1WTNLX2t4b2lnT2E0SUxxTVlvUmhmNWtzdw?oc=5,Leading Bengali Journalist Working With Times Group appears in 1 record(s) across 1 source(s). Primary action types: other. CIN: not extracted.
kolkata's-srei-group,Kolkata's SREI Group,,1,0,1,,fraud,Kolkata,Google News RSS Historical - Kolkata corporate fraud company [2025-2025],"Wed, 19 Mar 2025 07:00:00 GMT","Wed, 19 Mar 2025 07:00:00 GMT",Supreme Court Asks CBI Stand on Plea to Probe 'Fraud' by Kolkata's SREI Group - PGurus,https://news.google.com/rss/articles/CBMinwFBVV95cUxQbmNSMUlIeTFIMmRGS3ZWQnFQbXQxLWdUVlNWb2tjVnpPNmRxYTRwRHFrR0JIdlp3UEdndGs0V2s5cU9kTzdocS1oY0N6d3cwNXlLT214UldwWG9KSUpud09IcHlQNG5INUljRnNfOWJiMF9lOWktZ2lISGUtYWhzSjRNbjJVczRTRlMtX18ycjdpQzF4WXNPeGlGaHNtLXM?oc=5,Kolkata's SREI Group appears in 1 record(s) across 1 source(s). Primary action types: fraud. CIN: not extracted.
jai-balaji-industries,Jai Balaji Industries,,1,0,1,,other,,Google News RSS Historical - Kolkata insolvency company [2015-2019],"Wed, 04 Oct 2017 07:00:00 GMT","Wed, 04 Oct 2017 07:00:00 GMT",Jai Balaji Industries dragged to NCLT by IFCI over unpaid dues - financialexpress.com,https://news.google.com/rss/articles/CBMivgFBVV95cUxNRkR0VGhyb2FFakpzTkFDVmwteDRIVjh0NG1CU1NUWWhGX1hhUXdtZzJ5WGFQZWszRU9OZW1JYVlyby1reVF2QXRQS1Y4dmVIZ25aTG1EcHBWQ1BRcHg0R2dHQ1NNZFhQUmNkdE1aT19ZWFJUSjkxXzhNYWFGN3Z3R05VWnZPWGlvWUZodGl5LVFpMEEtUmhJWmhGQTVSNEUwQ19fRDJ1R1dSakc0WnR5RDFJZGI1Z3NRNmRTcjdn0gHEAUFVX3lxTE93QlRuY2pqTXpVTXJWaUxQTGdReUJKcks2T0pTMTVpNGE4UUpvVi05ZUh2bjg4NUZVWDlzZ1BTdUc5RXBORWdwQkhRX2pyVGdWUjdJTUx3eDJDMnFQSEYtclZTUFFTbU9VZnZra3I2OWVUaE9QV3Ixd1BVcmJ3bmFjUlIzUmFackc1aklnT1NxUWhHSVpjaFVDQkdFN3BKYkdwSy1xemNlbUZlcjJiYnctSTRWdXJjNGhwV1Z4aWwzWUppNWs?oc=5,Jai Balaji Industries appears in 1 record(s) across 1 source(s). Primary action types: other. CIN: not extracted.
ispat-industries,Ispat Industries,,1,0,1,,other,Kolkata,Google News RSS Historical - Kolkata insolvency company [2010-2014],"Wed, 22 Dec 2010 08:00:00 GMT","Wed, 22 Dec 2010 08:00:00 GMT",The rise and fall of Ispat Industries in Kolkata - The Economic Times,https://news.google.com/rss/articles/CBMiygFBVV95cUxOTVdURjFHLV9WdTlIWGFsd2o0V0ZJYjBwOFBtdDN5QW05R21INnNWLS0tekVjbG5RSE9zUkRFVmkwZDdtMk1najlqLXVWeDVmMUxnWmEyMHVoSEUyRU5ndXJJOWp0ZHNvQ1FUTXJZNkpiTmJWQzVIR1FILVFxMm5vOHJIOS14WmdPZjlTNVJrOG82OW8zdVM5T09GT2F3VFoyNHFjWXhlUE9CQWNFdVIydEFmZ2RXVkl6SUhBV2Z0NXh1QVg5OUN4TzZ3?oc=5,Ispat Industries appears in 1 record(s) across 1 source(s). Primary action types: other. CIN: not extracted.
insolvency-proceedings-initiated-against-birla-tyres-ltd,Insolvency Proceedings Initiated Against Birla Tyres Ltd,,1,0,1,,insolvency,Kolkata,Google News RSS Historical - Kolkata insolvency company [2020-2024],"Sun, 08 May 2022 07:00:00 GMT","Sun, 08 May 2022 07:00:00 GMT","Insolvency Proceedings Initiated Against Birla Tyres Ltd., A B.K. Birla Group Company: NCLT, Kolkata - Live Law",https://news.google.com/rss/articles/CBMiuwJBVV95cUxOYXE2Y2p3OU9WTl9YVk9FX1hQOG9zZWRFZHFmRGsxaWtheUpvS3lZQ0RiS2h2eG9IVkF2akk2TU40aTJJMlA3d29sMG16VzFSOXFMVldUZEltc20tT2V3WTRhdlpHZzA5Vi1XTnNiTTF6Um5hV1RxOFFua2tFNHE1Nk5OWGxfQjdxNmRMejhsNWV0LTJheDUyaGlISFF5TXRZUV9TNkFObEdjREpHZ19nZEhWOE9sSlV6X0xXWnlzZnNxaGxDUDdBZ2tqTThXcGVTU014dVFwMGdBTWN0eW5qWGt0S2FQYmdiNXE0UmNZQ3JyNEl3d0hMR0dfRy1WUnpIMHR4bDRmT0t1Qy04SzhQa3preTVIQWhpX3NaZDl4YUdkY2sySW80d0h4MC02WlhfOG9aV3BGbnJrdTTSAcACQVVfeXFMT01qT25FMFdqdUxxcEJWbzRldHpKTmVTSzZfTGt1S3FxdzFYbUVxR2g1ZVVhSElUZG11cXBlRFJ0X3drUnhOYl9xLVhFUUpkaGpNZEdmcGd2bDNXTXpUWHhQWXlrbXBRbGU3a3VGeThMT3I1NGcxTGFBMFY4UEw2MVlVRFVydnhlNW84WTh2MDB0cUVuQkhlN3NTdTJlb3h6ZU5LMTZDSTFFS282dDdGS3VDU0xpYW4tMFBSRWc1NEVMR0Y2QkI1QTMzcEwtWUczT200TEpaYWNUajl4Nk9yWDdmVkxpREZ5OEVjNDRoa1ZpN3RIdklVcnZLZS10UVlvNVpCeDdReE5CYzVHTjV3QXJCck1LeU5sVC1yb1ZBa1IwRWVKSTA3Zm1PV1JTR2JFSkZKM2VDdWtMUk5XQzZCS2E?oc=5,Insolvency Proceedings Initiated Against Birla Tyres Ltd appears in 1 record(s) across 1 source(s). Primary action types: insolvency. CIN: not extracted.
industries-ltd,Industries Ltd,,1,0,1,,other,,Google News RSS Historical - Kolkata insolvency company [2025-2025],"Sat, 31 May 2025 07:00:00 GMT","Sat, 31 May 2025 07:00:00 GMT","Hindusthan National Glass & Industries Ltd Defaults on Rs 3,012.71 Crore Loan - HDFC Sky",https://news.google.com/rss/articles/CBMijAFBVV95cUxOeGcyX0c1bEtLQmI3UXZsUHVLRDFvTFNObzFmNmppQnRuR3FLZXJEbDM3NEVtdml0YXJnSU9NRnJvRDdMRGptYk5PbVlwQ19nVXpINm5lSDdzcnMtQTRwb1NKTkY5a0h1Y25JU3dmQ242WF9UWFNPS19PSlc5ZkdPZTY1eWlUMHNZVnJlaA?oc=5,Industries Ltd appears in 1 record(s) across 1 source(s). Primary action types: other. CIN: not extracted.
indialaw-llp,IndiaLaw LLP,,1,0,1,,other,,Google News RSS Historical - West Bengal company liquidation [2025-2025],"Wed, 29 Oct 2025 07:00:00 GMT","Wed, 29 Oct 2025 07:00:00 GMT",Supreme Court Clarifies: Redeemable Preference Shareholders Are Not Financial Creditors Under IBC - IndiaLaw LLP,https://news.google.com/rss/articles/CBMipAFBVV95cUxPUGxvcUtRaC1lcHFDNzVVWG9ZRE1YZVBxRXZOblBHaEhLZ3FkclVOZHJTdmpvb0ljbTVBRURmdlJKQ1M1V3h0ZzJ3ekNxMGJNeE54Rk9kVGpTbE93TzNEQ002OHZtRVZBY3NiVlpuWXF4ZWNORDhXN1BfLThwVzBsX2hmRGFqWGd6and5R0h5S1pzd2dqU0hpb0JUXy1pQ2phdUtVRA?oc=5,IndiaLaw LLP appears in 1 record(s) across 1 source(s). Primary action types: other. CIN: not extracted.
incab-industries,Incab Industries,,1,0,1,,liquidation,,Google News RSS Historical - West Bengal company liquidation [2020-2024],"Sat, 05 Jun 2021 07:00:00 GMT","Sat, 05 Jun 2021 07:00:00 GMT",National Company Law Appellate Tribunal quashes liquidation of Incab Industries - Telegraph India,https://news.google.com/rss/articles/CBMiywFBVV95cUxORWNvLVBTbW92bTVsS29HaVZ2LVFEbV9JS2hZdllSRG1ZU3M1X2xraldXcGNMQUpTcjJOaFZLeUlKUml3WEdMRGtBaFplOWVFV1I5MWViOXNXZDdYWHhJU0R0emtHa01VUm1FOXpNQ1RMZmZCS3NfRDlWX2ZwaWpLWXZiUnBDMm9oNUd4QTVmQ1RDbDVHMW9qUEZvTDBvTGl3Q0lHNFRKUHhvTWFNTmFhUHJuV2hzbWdneV9lQWVyXy1UMC1fdlVqaUljSdIB0AFBVV95cUxOWEEyRkUtbHRKZGhSQjA3TC1FQ1JtVW0zbWlVdUM0ZllnOEd2V1U2RzVpWjlJYnpneFhtNEhVVXJMcV9raHp6UFliT0VDbUFzOTZNY2FOVnVJWl80Snd2YTRSRWtCTzNhUEpjM3oxalhneGhPa2ZmSlhLZ0pxOTZZWHZSX09WLXRXandLOUdEN0NQRWZmTUVWa2p4MVNQMnRaR2pzN0ZjVVlmMUNNQVpDSk5fR2gyeVhSV1Yxd1pNVmI5amFwWFNWWTNLM1RJTXN3?oc=5,Incab Industries appears in 1 record(s) across 1 source(s). Primary action types: liquidation. CIN: not extracted.
corporate-power-ltd,Corporate Power Ltd,,1,0,1,,fraud,,Google News RSS Historical - Kolkata corporate fraud company [2020-2024],"Sat, 24 Dec 2022 08:00:00 GMT","Sat, 24 Dec 2022 08:00:00 GMT","CBI raid on Corporate Power Ltd promoters, directors for bank fraud of Rs 4,037.87 crore - thehitavada.com",https://news.google.com/rss/articles/CBMi0wFBVV95cUxQVmJIR25wbFZtcjBMMGVQVVo2d0lKbnBNS1B6VDNHTE9zVm8xSXJudlhnQ3B4LTd0RDhtSHNlU0VEVmlUQXl6YTR3S1Y1OWVMTEFISzVIZTRjRE9RQXduUnNVQlQ3aXdlcEFKaVhqZzh0anl0RmstM3ZSQjgtZ1lXU3QzQmwtMEtzT1NRZ0s0NU04LUpjRWJiZkJuUDlKTzVGcy1rdzhWdkFoZzdjbmdzOFljdWdYY1V3RjcwSjdsci05Q01Ha1ExcERHZ3ExVldLR3dR0gHYAUFVX3lxTE9sbE5TcnF3ekRMN0M3VVRfS1owZ3RvQWVVRmdoQzFETG82SFVLSGRyaGpOVVRtUEpqUVBmTmhZZlp3Yk5WMkFjVjVtQU9lZDk5cG9VRFlmNXNlRi1IcDdGYnZneFBSMWtNR0VrWTNoX0s4SXVSODRUbDN6SGJNa2NLQ3NuSTBsSGN5UlM5cURnX2pzcVliZXZfaWRhYW5nRVJFSzZaaV9kZjllQjhLY2VWZTBFYmtaR3RQaVNFSzRNZUlxaEdGS05vRXFIVmQ5OHc0T3g4QTdOZA?oc=5,Corporate Power Ltd appears in 1 record(s) across 1 source(s). Primary action types: fraud. CIN: not extracted.
central-inland-water-transport-corporation-limited,Central Inland Water Transport Corporation Limited,,1,0,1,,liquidation,,Google News RSS Historical - Calcutta High Court winding up company [2015-2019],"Wed, 31 Aug 2016 07:00:00 GMT","Wed, 31 Aug 2016 07:00:00 GMT",Cabinet approves dissolution of Central Inland Water Transport Corporation Limited - GK Today,https://news.google.com/rss/articles/CBMipgFBVV95cUxNdHdKbXk2VFc3blhlcG9JeTBrM0lzTGUtd2lUYjNXQm8tSU9TMDVNdnlYTFZJcFpScElMSlNvRU0yd1dwYVdQQ091Q19BS05Bem53LUNCUHdFcV85UFl6V29xUlNjVTZ5ZHNHYkI2UlJoZ2UyamxTeUd0S212aVk2dEN4QmtCWXpnSWZTbzl0MXJ5RFZEU2wyZm1MQnQ5NDRVSk93SGZB?oc=5,Central Inland Water Transport Corporation Limited appears in 1 record(s) across 1 source(s). Primary action types: liquidation. CIN: not extracted.
a2z-taxcorp-llp,A2Z Taxcorp LLP,,1,0,1,,other,,Google News RSS - section 447 company fraud Kolkata,"Sat, 06 Dec 2025 08:00:00 GMT","Sat, 06 Dec 2025 08:00:00 GMT","Vivo may also face I-T probe as SFIO flags profit diversion, findings to be shared with CBDT - A2Z Taxcorp LLP",https://news.google.com/rss/articles/CBMitgFBVV95cUxPNTZTTG94cjhxd19BQU1uTWFLZDVUenVwSmdQUk5ZS1g0YWk5X1JYeEJicXRWeGYzUG0tdlhlR05CMnN2VHFqRGxTd0NYbVVUUmg5ZXpNRTVWcUNzWlBDRGtfWVEtY1FzUC03WlZvbW9ZM20wb09FZDBFa016SlU0bnJVbUdoajlzeWd0MWRvTlp1Z0VUWVRWS0VkSDY5LUJNVm5jTlJtTjZTU3R6UGJ2SXRpSDFEZw?oc=5,A2Z Taxcorp LLP appears in 1 record(s) across 1 source(s). Primary action types: other. CIN: not extracted.
