record_id,title,url,source_name,source_reliability_label,source_reliability_score,query_text,fetched_at,published_at,company_name,district,legal_sections,legal_section_meanings,violation_type,cin_candidates,subject_label,snippet,has_company_name,has_district,has_legal_section,record_quality_score,usable_for_analytics
df5582ced0318e8d,"PNB reports ₹2,434 crore fraud involving two Srei Group companies: Bank says full recovery made, assuring n... - Bhaskar English",https://news.google.com/rss/articles/CBMipwFBVV95cUxNcHJNanRpUXo1QWVFX1otaE00OUpqdm5TTnlDOG96Qk5pVnl5M2JURU15QXNIZVVpNTVXY1FDTnI1OHVMa1BwN2lMYzV2TXJLVnAtVDhtd0JlMmN4QmZhYl91M19GVDRYcUhQTlhMZGp5NU1KLU0tdEs0M1RrUU5BeGE5QTlhdGo0Y3RIcE9YTXhRLVJGQ1l3ZzBOb2ZIVmw2bV9SUE1wTdIBrAFBVV95cUxQLVBDa0Zuek5pY1hJZWhCRWM2eGxZWFQ2UUtxSmhuUnlNX3hvWnQ4ZEt5TXVNZWVieHV1b2UtUkZmZmk0dWFPQjVKcXlIOTJJaWdXdndzSGZUYmpnd2oxUWszSlM0WDFJTVlwVE5ycHdoVVZxM2dnVlZhcnZrX0lSMUp5VEtnNm9FN0hDdU9yUVBXMGhXZ1RpU2JrRHAwN0hLQTBYMmFGSDAwVVla?oc=5,Google News RSS - Kolkata corporate fraud company,open_web,0.4,Kolkata corporate fraud company,2026-04-05T17:30:25.454799+00:00,"Fri, 26 Dec 2025 08:00:00 GMT",Srei Group,,,,fraud,,Srei Group,"<a href=""https://news.google.com/rss/articles/CBMipwFBVV95cUxNcHJNanRpUXo1QWVFX1otaE00OUpqdm5TTnlDOG96Qk5pVnl5M2JURU15QXNIZVVpNTVXY1FDTnI1OHVMa1BwN2lMYzV2TXJLVnAtVDhtd0JlMmN4QmZhYl91M19GVDRYcUhQTlhMZGp5NU1KLU0tdEs0M1RrUU5BeGE5QTlhdGo0Y3RIcE9YTXhRLVJGQ1l3ZzBOb2ZIVmw2bV9SUE1wTdIBrAFBVV95cUxQLVBDa0Zuek5pY1hJZWhCRWM2eGxZWFQ2UUtxSmhuUnlNX3hvWnQ4ZEt5TXVNZWVieHV1b2UtUkZmZmk0dWFPQjVKcXlIOTJJaWdXdndzSGZUYmpnd2oxUWszSlM0WDFJTVlwVE5ycHdoVVZxM2dnVlZhcnZrX0lSMUp5VEtnNm9FN0hDdU9yUVBXMGhXZ1RpU2JrRHAwN0hLQTBYMmFGSDAwVVla?oc=5"" target=""_blank"">PNB reports ₹2,434 crore fraud involving two Srei Group companies: Bank says full recovery made, assuring n...</a>&nbsp;&nbsp;<font color=""#6f6f6f"">Bhaskar English</font>",True,False,False,62.4,True
7501345f5ff81936,"Ruia Group in trouble, ED finds money laundering traces in Falcon's book of accounts - India Today",https://news.google.com/rss/articles/CBMiuAFBVV95cUxNU0lNWWRJdFphNVRGTmZJSllzbERwcXJPdkh5Rzc3RzdlRThEdFhqQ0NzRG9pQU9YSUZWRkdJYW1WTWFaaUZybkxheDhqNTNQczlieVBEZ1V6SEh0N1hfeDJUdTBiSk1LcThkWi1YUkllY2tab0Y2ek5xdE5YWGlaV1Y0cUhxaHJEaWJwa1JGelVRa2NfNlkxSTgtRUE0YVE1ODBySWFWeUZ3LWpEY2x4MzBoVFhoY0NY?oc=5,Google News RSS Historical - Calcutta High Court winding up company [2010-2014],open_web,0.4,Calcutta High Court winding up company after:2010-01-01 before:2015-01-01,2026-04-05T17:30:41.938203+00:00,"Wed, 13 Nov 2013 08:00:00 GMT",Ruia Group,,,,money laundering,,Ruia Group,"<a href=""https://news.google.com/rss/articles/CBMiuAFBVV95cUxNU0lNWWRJdFphNVRGTmZJSllzbERwcXJPdkh5Rzc3RzdlRThEdFhqQ0NzRG9pQU9YSUZWRkdJYW1WTWFaaUZybkxheDhqNTNQczlieVBEZ1V6SEh0N1hfeDJUdTBiSk1LcThkWi1YUkllY2tab0Y2ek5xdE5YWGlaV1Y0cUhxaHJEaWJwa1JGelVRa2NfNlkxSTgtRUE0YVE1ODBySWFWeUZ3LWpEY2x4MzBoVFhoY0NY?oc=5"" target=""_blank"">Ruia Group in trouble, ED finds money laundering traces in Falcon's book of accounts</a>&nbsp;&nbsp;<font color=""#6f6f6f"">India Today</font>",True,False,False,62.4,True
79c258cfa915c02f,NCLT orders liquidation proceedings against Nicco Corp - The Indian Express,https://news.google.com/rss/articles/CBMitwFBVV95cUxQc094U3cwcWdMN3dRLUNzSzNmTmJ4WE9uU0wyUFc3Y0E4aXkwYmhXcENwbTJGQzVPaktNbTJ1QmM5TXdSSWljR3l3eW1lak5HbVZEWjY0c2p0OHFJbFFQd2hFRHduWDk2WDkxczg4MzRqTEpJcm9VYUlKUkxCRE9MR24yTVM1NUFHZ3VfRHItU2RXRXNmSkRUbW5FbTB3TGFOVF9sVFE3cXFIODkzVk9RQTRpamVVQVHSAb4BQVVfeXFMUDl4el9ieEFEMUdrRkxvenY3OGFsZ0g2a1ZNbDhmbE1rM3hRd2I2OHlnZ1hoeFZPOXFrcHpNRVlHUjl5VWptb0hPbzJQYXNYc2dCNjloXzVnYTNmUVg4UHRkWTBYaVV6TUNVWnJUYW1XaE1obU5XSEtCcGk1R2hUTUsxNjVKSW0xQ3ZJVHVQN19MWTFrXzRxUjFYOVJzR3hOclpUYXBBX1lnT083a1U1ZXNUTVNOdDF3N1M0a3c3UQ?oc=5,Google News RSS Historical - West Bengal company liquidation [2015-2019],open_web,0.4,West Bengal company liquidation after:2015-01-01 before:2020-01-01,2026-04-05T17:30:47.012405+00:00,"Wed, 18 Oct 2017 07:00:00 GMT",Nicco Corp,,,,liquidation,,Nicco Corp,"<a href=""https://news.google.com/rss/articles/CBMitwFBVV95cUxQc094U3cwcWdMN3dRLUNzSzNmTmJ4WE9uU0wyUFc3Y0E4aXkwYmhXcENwbTJGQzVPaktNbTJ1QmM5TXdSSWljR3l3eW1lak5HbVZEWjY0c2p0OHFJbFFQd2hFRHduWDk2WDkxczg4MzRqTEpJcm9VYUlKUkxCRE9MR24yTVM1NUFHZ3VfRHItU2RXRXNmSkRUbW5FbTB3TGFOVF9sVFE3cXFIODkzVk9RQTRpamVVQVHSAb4BQVVfeXFMUDl4el9ieEFEMUdrRkxvenY3OGFsZ0g2a1ZNbDhmbE1rM3hRd2I2OHlnZ1hoeFZPOXFrcHpNRVlHUjl5VWptb0hPbzJQYXNYc2dCNjloXzVnYTNmUVg4UHRkWTBYaVV6TUNVWnJUYW1XaE1obU5XSEtCcGk1R2hUTUsxNjVKSW0xQ3ZJVHVQN19MWTFrXzRxUjFYOVJzR3hOclpUYXBBX1lnT083a1U1ZXNUTVNOdDF3N1M0a3c3UQ?oc=5"" target=""_blank"">NCLT orders liquidation proceedings against Nicco Corp</a>&nbsp;&nbsp;<font color=""#6f6f6f"">The Indian Express</font>",True,False,False,62.4,True
2da3476b013d93fc,Cabinet approves dissolution of Central Inland Water Transport Corporation Limited - GK Today,https://news.google.com/rss/articles/CBMipgFBVV95cUxNdHdKbXk2VFc3blhlcG9JeTBrM0lzTGUtd2lUYjNXQm8tSU9TMDVNdnlYTFZJcFpScElMSlNvRU0yd1dwYVdQQ091Q19BS05Bem53LUNCUHdFcV85UFl6V29xUlNjVTZ5ZHNHYkI2UlJoZ2UyamxTeUd0S212aVk2dEN4QmtCWXpnSWZTbzl0MXJ5RFZEU2wyZm1MQnQ5NDRVSk93SGZB?oc=5,Google News RSS Historical - Calcutta High Court winding up company [2015-2019],open_web,0.4,Calcutta High Court winding up company after:2015-01-01 before:2020-01-01,2026-04-05T17:30:48.082612+00:00,"Wed, 31 Aug 2016 07:00:00 GMT",Central Inland Water Transport Corporation Limited,,,,liquidation,,Central Inland Water Transport Corporation Limited,"<a href=""https://news.google.com/rss/articles/CBMipgFBVV95cUxNdHdKbXk2VFc3blhlcG9JeTBrM0lzTGUtd2lUYjNXQm8tSU9TMDVNdnlYTFZJcFpScElMSlNvRU0yd1dwYVdQQ091Q19BS05Bem53LUNCUHdFcV85UFl6V29xUlNjVTZ5ZHNHYkI2UlJoZ2UyamxTeUd0S212aVk2dEN4QmtCWXpnSWZTbzl0MXJ5RFZEU2wyZm1MQnQ5NDRVSk93SGZB?oc=5"" target=""_blank"">Cabinet approves dissolution of Central Inland Water Transport Corporation Limited</a>&nbsp;&nbsp;<font color=""#6f6f6f"">GK Today</font>",True,False,False,62.4,True
96a7dd152acd9b1b,"CBI raid on Corporate Power Ltd promoters, directors for bank fraud of Rs 4,037.87 crore - thehitavada.com",https://news.google.com/rss/articles/CBMi0wFBVV95cUxQVmJIR25wbFZtcjBMMGVQVVo2d0lKbnBNS1B6VDNHTE9zVm8xSXJudlhnQ3B4LTd0RDhtSHNlU0VEVmlUQXl6YTR3S1Y1OWVMTEFISzVIZTRjRE9RQXduUnNVQlQ3aXdlcEFKaVhqZzh0anl0RmstM3ZSQjgtZ1lXU3QzQmwtMEtzT1NRZ0s0NU04LUpjRWJiZkJuUDlKTzVGcy1rdzhWdkFoZzdjbmdzOFljdWdYY1V3RjcwSjdsci05Q01Ha1ExcERHZ3ExVldLR3dR0gHYAUFVX3lxTE9sbE5TcnF3ekRMN0M3VVRfS1owZ3RvQWVVRmdoQzFETG82SFVLSGRyaGpOVVRtUEpqUVBmTmhZZlp3Yk5WMkFjVjVtQU9lZDk5cG9VRFlmNXNlRi1IcDdGYnZneFBSMWtNR0VrWTNoX0s4SXVSODRUbDN6SGJNa2NLQ3NuSTBsSGN5UlM5cURnX2pzcVliZXZfaWRhYW5nRVJFSzZaaV9kZjllQjhLY2VWZTBFYmtaR3RQaVNFSzRNZUlxaEdGS05vRXFIVmQ5OHc0T3g4QTdOZA?oc=5,Google News RSS Historical - Kolkata corporate fraud company [2020-2024],open_web,0.4,Kolkata corporate fraud company after:2020-01-01 before:2025-01-01,2026-04-05T17:30:52.894008+00:00,"Sat, 24 Dec 2022 08:00:00 GMT",Corporate Power Ltd,,,,fraud,,Corporate Power Ltd,"<a href=""https://news.google.com/rss/articles/CBMi0wFBVV95cUxQVmJIR25wbFZtcjBMMGVQVVo2d0lKbnBNS1B6VDNHTE9zVm8xSXJudlhnQ3B4LTd0RDhtSHNlU0VEVmlUQXl6YTR3S1Y1OWVMTEFISzVIZTRjRE9RQXduUnNVQlQ3aXdlcEFKaVhqZzh0anl0RmstM3ZSQjgtZ1lXU3QzQmwtMEtzT1NRZ0s0NU04LUpjRWJiZkJuUDlKTzVGcy1rdzhWdkFoZzdjbmdzOFljdWdYY1V3RjcwSjdsci05Q01Ha1ExcERHZ3ExVldLR3dR0gHYAUFVX3lxTE9sbE5TcnF3ekRMN0M3VVRfS1owZ3RvQWVVRmdoQzFETG82SFVLSGRyaGpOVVRtUEpqUVBmTmhZZlp3Yk5WMkFjVjVtQU9lZDk5cG9VRFlmNXNlRi1IcDdGYnZneFBSMWtNR0VrWTNoX0s4SXVSODRUbDN6SGJNa2NLQ3NuSTBsSGN5UlM5cURnX2pzcVliZXZfaWRhYW5nRVJFSzZaaV9kZjllQjhLY2VWZTBFYmtaR3RQaVNFSzRNZUlxaEdGS05vRXFIVmQ5OHc0T3g4QTdOZA?oc=5"" target=""_blank"">CBI raid on Corporate Power Ltd promoters, directors for bank fraud of Rs 4,037.87 crore</a>&nbsp;&nbsp;<font color=""#6f6f6f"">thehitavada.com</font>",True,False,False,62.4,True
a9393bc6606c1f25,National Company Law Appellate Tribunal quashes liquidation of Incab Industries - Telegraph India,https://news.google.com/rss/articles/CBMiywFBVV95cUxORWNvLVBTbW92bTVsS29HaVZ2LVFEbV9JS2hZdllSRG1ZU3M1X2xraldXcGNMQUpTcjJOaFZLeUlKUml3WEdMRGtBaFplOWVFV1I5MWViOXNXZDdYWHhJU0R0emtHa01VUm1FOXpNQ1RMZmZCS3NfRDlWX2ZwaWpLWXZiUnBDMm9oNUd4QTVmQ1RDbDVHMW9qUEZvTDBvTGl3Q0lHNFRKUHhvTWFNTmFhUHJuV2hzbWdneV9lQWVyXy1UMC1fdlVqaUljSdIB0AFBVV95cUxOWEEyRkUtbHRKZGhSQjA3TC1FQ1JtVW0zbWlVdUM0ZllnOEd2V1U2RzVpWjlJYnpneFhtNEhVVXJMcV9raHp6UFliT0VDbUFzOTZNY2FOVnVJWl80Snd2YTRSRWtCTzNhUEpjM3oxalhneGhPa2ZmSlhLZ0pxOTZZWHZSX09WLXRXandLOUdEN0NQRWZmTUVWa2p4MVNQMnRaR2pzN0ZjVVlmMUNNQVpDSk5fR2gyeVhSV1Yxd1pNVmI5amFwWFNWWTNLM1RJTXN3?oc=5,Google News RSS Historical - West Bengal company liquidation [2020-2024],open_web,0.4,West Bengal company liquidation after:2020-01-01 before:2025-01-01,2026-04-05T17:30:53.920107+00:00,"Sat, 05 Jun 2021 07:00:00 GMT",Incab Industries,,,,liquidation,,Incab Industries,"<a href=""https://news.google.com/rss/articles/CBMiywFBVV95cUxORWNvLVBTbW92bTVsS29HaVZ2LVFEbV9JS2hZdllSRG1ZU3M1X2xraldXcGNMQUpTcjJOaFZLeUlKUml3WEdMRGtBaFplOWVFV1I5MWViOXNXZDdYWHhJU0R0emtHa01VUm1FOXpNQ1RMZmZCS3NfRDlWX2ZwaWpLWXZiUnBDMm9oNUd4QTVmQ1RDbDVHMW9qUEZvTDBvTGl3Q0lHNFRKUHhvTWFNTmFhUHJuV2hzbWdneV9lQWVyXy1UMC1fdlVqaUljSdIB0AFBVV95cUxOWEEyRkUtbHRKZGhSQjA3TC1FQ1JtVW0zbWlVdUM0ZllnOEd2V1U2RzVpWjlJYnpneFhtNEhVVXJMcV9raHp6UFliT0VDbUFzOTZNY2FOVnVJWl80Snd2YTRSRWtCTzNhUEpjM3oxalhneGhPa2ZmSlhLZ0pxOTZZWHZSX09WLXRXandLOUdEN0NQRWZmTUVWa2p4MVNQMnRaR2pzN0ZjVVlmMUNNQVpDSk5fR2gyeVhSV1Yxd1pNVmI5amFwWFNWWTNLM1RJTXN3?oc=5"" target=""_blank"">National Company Law Appellate Tribunal quashes liquidation of Incab Industries</a>&nbsp;&nbsp;<font color=""#6f6f6f"">Telegraph India</font>",True,False,False,62.4,True
53b2df62bd0c489a,"Madras High Court Orders Winding Up Of SpiceJet Ltd, Official Liquidator To Take Over The Company Assets - Live Law",https://news.google.com/rss/articles/CBMi6gFBVV95cUxOdWt0dUJ0OTlldGJZZmFXc1ZLa2JIRHdOWEJlN1dOUlVCRDhxTXAwWTZVbkVDUER5Q2lRQzBRdm4ySDNFWFBCQnVCWm9jRU5YN3dmS25YX3R3MXRoQnI2d3hDXzh6YlpVb19kd3Q2RE8ycWVBdWU3c0lUSHJlSXgxUGNnZEEtZUtmZ0JZdnBtQ1JDcUNCWldLajlWMW1mTlVhOUdzWTg1V0M5M0t5bUlfb0o1YnVOOWxtajdoaDB2RDdnbHVZN2RQUHpmRzd6N1lnNDVSeU5mR2o5ekVKS1R0U183dzg5VkdPaXfSAe8BQVVfeXFMTnhGRnhNUUtYT25zejd3aHotWDZKUHl1WjBKdWJnMTVSUDVKd0M4NllJekpLYU9MY05ZNnk5WEk4cFI3MEZlY0lfd2s0SDlhS3ppZEdjS1daaWQxMkdTZHk0amJobHlEZUlDVGNPNkM2Z0ctTnZPcHR3Z2RoTzlsRnNZemhfaVNHYnk0NXBMSjl0bVV0UEFyeEZQRDlPZzI3UHhoRUZOSEZwOFF0NXJIQVNxWWFnTWNEQ29mZVNXaVRNcXpDUklITnlJbFVFNFlIV3MxTHZWNkxWb0FHNEZKMC0ta2JSMGlCZEhoV2RGMU0?oc=5,Google News RSS Historical - Calcutta High Court winding up company [2020-2024],open_web,0.4,Calcutta High Court winding up company after:2020-01-01 before:2025-01-01,2026-04-05T17:30:54.944257+00:00,"Mon, 06 Dec 2021 08:00:00 GMT",Madras High Court Orders Winding Up Of SpiceJet Ltd,,,,liquidation,,Madras High Court Orders Winding Up Of SpiceJet Ltd,"<a href=""https://news.google.com/rss/articles/CBMi6gFBVV95cUxOdWt0dUJ0OTlldGJZZmFXc1ZLa2JIRHdOWEJlN1dOUlVCRDhxTXAwWTZVbkVDUER5Q2lRQzBRdm4ySDNFWFBCQnVCWm9jRU5YN3dmS25YX3R3MXRoQnI2d3hDXzh6YlpVb19kd3Q2RE8ycWVBdWU3c0lUSHJlSXgxUGNnZEEtZUtmZ0JZdnBtQ1JDcUNCWldLajlWMW1mTlVhOUdzWTg1V0M5M0t5bUlfb0o1YnVOOWxtajdoaDB2RDdnbHVZN2RQUHpmRzd6N1lnNDVSeU5mR2o5ekVKS1R0U183dzg5VkdPaXfSAe8BQVVfeXFMTnhGRnhNUUtYT25zejd3aHotWDZKUHl1WjBKdWJnMTVSUDVKd0M4NllJekpLYU9MY05ZNnk5WEk4cFI3MEZlY0lfd2s0SDlhS3ppZEdjS1daaWQxMkdTZHk0amJobHlEZUlDVGNPNkM2Z0ctTnZPcHR3Z2RoTzlsRnNZemhfaVNHYnk0NXBMSjl0bVV0UEFyeEZQRDlPZzI3UHhoRUZOSEZwOFF0NXJIQVNxWWFnTWNEQ29mZVNXaVRNcXpDUklITnlJbFVFNFlIV3MxTHZWNkxWb0FHNEZKMC0ta2JSMGlCZEhoV2RGMU0?oc=5"" target=""_blank"">Madras High Court Orders Winding Up Of SpiceJet Ltd, Official Liquidator To Take Over The Company Assets</a>&nbsp;&nbsp;<font color=""#6f6f6f"">Live Law</font>",True,False,False,62.4,True
f378b1e94a397964,"Insolvency Proceedings Initiated Against Birla Tyres Ltd., A B.K. Birla Group Company: NCLT, Kolkata - Live Law",https://news.google.com/rss/articles/CBMiuwJBVV95cUxOYXE2Y2p3OU9WTl9YVk9FX1hQOG9zZWRFZHFmRGsxaWtheUpvS3lZQ0RiS2h2eG9IVkF2akk2TU40aTJJMlA3d29sMG16VzFSOXFMVldUZEltc20tT2V3WTRhdlpHZzA5Vi1XTnNiTTF6Um5hV1RxOFFua2tFNHE1Nk5OWGxfQjdxNmRMejhsNWV0LTJheDUyaGlISFF5TXRZUV9TNkFObEdjREpHZ19nZEhWOE9sSlV6X0xXWnlzZnNxaGxDUDdBZ2tqTThXcGVTU014dVFwMGdBTWN0eW5qWGt0S2FQYmdiNXE0UmNZQ3JyNEl3d0hMR0dfRy1WUnpIMHR4bDRmT0t1Qy04SzhQa3preTVIQWhpX3NaZDl4YUdkY2sySW80d0h4MC02WlhfOG9aV3BGbnJrdTTSAcACQVVfeXFMT01qT25FMFdqdUxxcEJWbzRldHpKTmVTSzZfTGt1S3FxdzFYbUVxR2g1ZVVhSElUZG11cXBlRFJ0X3drUnhOYl9xLVhFUUpkaGpNZEdmcGd2bDNXTXpUWHhQWXlrbXBRbGU3a3VGeThMT3I1NGcxTGFBMFY4UEw2MVlVRFVydnhlNW84WTh2MDB0cUVuQkhlN3NTdTJlb3h6ZU5LMTZDSTFFS282dDdGS3VDU0xpYW4tMFBSRWc1NEVMR0Y2QkI1QTMzcEwtWUczT200TEpaYWNUajl4Nk9yWDdmVkxpREZ5OEVjNDRoa1ZpN3RIdklVcnZLZS10UVlvNVpCeDdReE5CYzVHTjV3QXJCck1LeU5sVC1yb1ZBa1IwRWVKSTA3Zm1PV1JTR2JFSkZKM2VDdWtMUk5XQzZCS2E?oc=5,Google News RSS Historical - Kolkata insolvency company [2020-2024],open_web,0.4,Kolkata insolvency company after:2020-01-01 before:2025-01-01,2026-04-05T17:30:57.394988+00:00,"Sun, 08 May 2022 07:00:00 GMT",Insolvency Proceedings Initiated Against Birla Tyres Ltd,Kolkata,,,insolvency,,Insolvency Proceedings Initiated Against Birla Tyres Ltd,"<a href=""https://news.google.com/rss/articles/CBMiuwJBVV95cUxOYXE2Y2p3OU9WTl9YVk9FX1hQOG9zZWRFZHFmRGsxaWtheUpvS3lZQ0RiS2h2eG9IVkF2akk2TU40aTJJMlA3d29sMG16VzFSOXFMVldUZEltc20tT2V3WTRhdlpHZzA5Vi1XTnNiTTF6Um5hV1RxOFFua2tFNHE1Nk5OWGxfQjdxNmRMejhsNWV0LTJheDUyaGlISFF5TXRZUV9TNkFObEdjREpHZ19nZEhWOE9sSlV6X0xXWnlzZnNxaGxDUDdBZ2tqTThXcGVTU014dVFwMGdBTWN0eW5qWGt0S2FQYmdiNXE0UmNZQ3JyNEl3d0hMR0dfRy1WUnpIMHR4bDRmT0t1Qy04SzhQa3preTVIQWhpX3NaZDl4YUdkY2sySW80d0h4MC02WlhfOG9aV3BGbnJrdTTSAcACQVVfeXFMT01qT25FMFdqdUxxcEJWbzRldHpKTmVTSzZfTGt1S3FxdzFYbUVxR2g1ZVVhSElUZG11cXBlRFJ0X3drUnhOYl9xLVhFUUpkaGpNZEdmcGd2bDNXTXpUWHhQWXlrbXBRbGU3a3VGeThMT3I1NGcxTGFBMFY4UEw2MVlVRFVydnhlNW84WTh2MDB0cUVuQkhlN3NTdTJlb3h6ZU5LMTZDSTFFS282dDdGS3VDU0xpYW4tMFBSRWc1NEVMR0Y2QkI1QTMzcEwtWUczT200TEpaYWNUajl4Nk9yWDdmVkxpREZ5OEVjNDRoa1ZpN3RIdklVcnZLZS10UVlvNVpCeDdReE5CYzVHTjV3QXJCck1LeU5sVC1yb1ZBa1IwRWVKSTA3Zm1PV1JTR2JFSkZKM2VDdWtMUk5XQzZCS2E?oc=5"" target=""_blank"">Insolvency Proceedings Initiated Against Birla Tyres Ltd., A B.K. Birla Group Company: NCLT, Kolkata</a>&nbsp;&nbsp;<font color=""#6f6f6f"">Live Law</font>",True,True,False,72.4,True
9bbf677cc69c4cb7,Supreme Court Asks CBI Stand on Plea to Probe 'Fraud' by Kolkata's SREI Group - PGurus,https://news.google.com/rss/articles/CBMinwFBVV95cUxQbmNSMUlIeTFIMmRGS3ZWQnFQbXQxLWdUVlNWb2tjVnpPNmRxYTRwRHFrR0JIdlp3UEdndGs0V2s5cU9kTzdocS1oY0N6d3cwNXlLT214UldwWG9KSUpud09IcHlQNG5INUljRnNfOWJiMF9lOWktZ2lISGUtYWhzSjRNbjJVczRTRlMtX18ycjdpQzF4WXNPeGlGaHNtLXM?oc=5,Google News RSS Historical - Kolkata corporate fraud company [2025-2025],open_web,0.4,Kolkata corporate fraud company after:2025-01-01 before:2026-01-01,2026-04-05T17:30:59.587405+00:00,"Wed, 19 Mar 2025 07:00:00 GMT",Kolkata's SREI Group,Kolkata,,,fraud,,Kolkata's SREI Group,"<a href=""https://news.google.com/rss/articles/CBMinwFBVV95cUxQbmNSMUlIeTFIMmRGS3ZWQnFQbXQxLWdUVlNWb2tjVnpPNmRxYTRwRHFrR0JIdlp3UEdndGs0V2s5cU9kTzdocS1oY0N6d3cwNXlLT214UldwWG9KSUpud09IcHlQNG5INUljRnNfOWJiMF9lOWktZ2lISGUtYWhzSjRNbjJVczRTRlMtX18ycjdpQzF4WXNPeGlGaHNtLXM?oc=5"" target=""_blank"">Supreme Court Asks CBI Stand on Plea to Probe 'Fraud' by Kolkata's SREI Group</a>&nbsp;&nbsp;<font color=""#6f6f6f"">PGurus</font>",True,True,False,72.4,True
2acf8d9d9f59d1d5,"Supreme Court rejects JSW’s resolution plan for Bhushan Power & Steel Ltd, orders liquidation - Telegraph India",https://news.google.com/rss/articles/CBMi3wFBVV95cUxQSUtXVmtDQUtTcTBid1QxaHl4eHlyMjVkcnVkeHRuMmt0WU05dEUxSW5yV0szSmFEeFRjSXItQjhEbk9yU3VTT0hIM3FsR28zbnBCU2s3SHJURlZWNE43M1o5MFVGRzJPRWszRkoxOFE3eHZlNnBLWGpzS04yd1FsREZobmNjR0xjTFNQbHpIVzRlWlBfeWxsX25lRExUeEN0b1BZZkE0bDlJUTJHZlZidFNMdzJVTFRDUE01Z2hBZFRoTmJNM3FWVTFjU2VYT1RKVU91VEpidXR2bVluSGJJ0gHkAUFVX3lxTE54UmZZbVE4MVJSVmJxLVN4cTQ3SzQxY0p5aW9tbUx6QWtlR09ydTBRZXRSUktGdFhsclFvYkR0QWdGQjE3YVNDTWw1ZHA3aklQLV9Wb2tYOWc5bm10YjViRE5iMVdSLWtSOWN5MkpVcldwbVNCVGRnWElySGpHbnhhZzI3RmN6OTVBbnpFZFdnbmxmSG9OQjVTUXVUdU5BTXYzTlNxbGplbzRmbTF1RUdMekhFcV8xbGhTV3RPWV9tM2UxOVd6Wi1rNkhQUlJJWEYwYTA2VjJiTXRUS2kwQ3dlS1NTUw?oc=5,Google News RSS Historical - West Bengal company liquidation [2025-2025],open_web,0.4,West Bengal company liquidation after:2025-01-01 before:2026-01-01,2026-04-05T17:31:00.575375+00:00,"Sat, 03 May 2025 07:00:00 GMT",Steel Ltd,,,,liquidation,,Steel Ltd,"<a href=""https://news.google.com/rss/articles/CBMi3wFBVV95cUxQSUtXVmtDQUtTcTBid1QxaHl4eHlyMjVkcnVkeHRuMmt0WU05dEUxSW5yV0szSmFEeFRjSXItQjhEbk9yU3VTT0hIM3FsR28zbnBCU2s3SHJURlZWNE43M1o5MFVGRzJPRWszRkoxOFE3eHZlNnBLWGpzS04yd1FsREZobmNjR0xjTFNQbHpIVzRlWlBfeWxsX25lRExUeEN0b1BZZkE0bDlJUTJHZlZidFNMdzJVTFRDUE01Z2hBZFRoTmJNM3FWVTFjU2VYT1RKVU91VEpidXR2bVluSGJJ0gHkAUFVX3lxTE54UmZZbVE4MVJSVmJxLVN4cTQ3SzQxY0p5aW9tbUx6QWtlR09ydTBRZXRSUktGdFhsclFvYkR0QWdGQjE3YVNDTWw1ZHA3aklQLV9Wb2tYOWc5bm10YjViRE5iMVdSLWtSOWN5MkpVcldwbVNCVGRnWElySGpHbnhhZzI3RmN6OTVBbnpFZFdnbmxmSG9OQjVTUXVUdU5BTXYzTlNxbGplbzRmbTF1RUdMekhFcV8xbGhTV3RPWV9tM2UxOVd6Wi1rNkhQUlJJWEYwYTA2VjJiTXRUS2kwQ3dlS1NTUw?oc=5"" target=""_blank"">Supreme Court rejects JSW’s resolution plan for Bhushan Power & Steel Ltd, orders liquidation</a>&nbsp;&nbsp;<font color=""#6f6f6f"">Telegraph India</font>",True,False,False,62.4,True
2b98d04e61c583b1,NCLAT holds Kolkata Municipal Corporation as secured creditor in Talwalkars liquidation case - Bar and Bench,https://news.google.com/rss/articles/CBMi0gFBVV95cUxQZEVlbGhhNkI4a0lRd2Noam9zc05XcUQxV1hzZXhtV0g2TUgtNi1BWFQyMEQ3cWVOOE1xQ1J3UmpKbnBhSnNCZm9ZUEl6VlRzeFd0NXdrT2VhbHNmTHFyYS1oUWVIRk5CaDJIelhYWnc1Sk42clM5eUUyRWdaa0lva3dUSnYwMnNvQTlEX1plM05JZmNpd3lhTjRvTzNwaDZCa0kyeGlzSWNPX3E0MlMtcGExSTBmMkU3S0g3YnV4VWRuM3VrNkZEbnhTSllacjJOWFE?oc=5,Google News RSS Historical - Kolkata insolvency company [2025-2025],open_web,0.4,Kolkata insolvency company after:2025-01-01 before:2026-01-01,2026-04-05T17:31:04.373451+00:00,"Fri, 24 Oct 2025 07:00:00 GMT",Kolkata Municipal Corporation,Kolkata,,,liquidation,,Kolkata Municipal Corporation,"<a href=""https://news.google.com/rss/articles/CBMi0gFBVV95cUxQZEVlbGhhNkI4a0lRd2Noam9zc05XcUQxV1hzZXhtV0g2TUgtNi1BWFQyMEQ3cWVOOE1xQ1J3UmpKbnBhSnNCZm9ZUEl6VlRzeFd0NXdrT2VhbHNmTHFyYS1oUWVIRk5CaDJIelhYWnc1Sk42clM5eUUyRWdaa0lva3dUSnYwMnNvQTlEX1plM05JZmNpd3lhTjRvTzNwaDZCa0kyeGlzSWNPX3E0MlMtcGExSTBmMkU3S0g3YnV4VWRuM3VrNkZEbnhTSllacjJOWFE?oc=5"" target=""_blank"">NCLAT holds Kolkata Municipal Corporation as secured creditor in Talwalkars liquidation case</a>&nbsp;&nbsp;<font color=""#6f6f6f"">Bar and Bench</font>",True,True,False,72.4,True
a31cddf954dde72b,Radhagobind Commercial Limited Faces Insolvency Proceedings as NCLT Admits Petition - scanx.trade,https://news.google.com/rss/articles/CBMi0wFBVV95cUxQelJrQ2c1WVhQU3ktbmZXdnZiZXVaODFFelBrTHVYblZST1pOUEVkbzF1c3Z2bWpmSjk1Sy1qZmVjSjg0cXBCWE01SUZ2V3BDaWQ3Q3FkdXp2S2c1NU4tN1N4NVpUUmVieXhWUy1qQVJNSVVkbzFJM1VNLVpBM0Ribm5ONkg1WUp6cE5CcVA3OWxfVUl5dzh5emxYZ1hfZk0tQnVKQ3ZEWXRFcE91LTZ0OUJHYzVNT0tsYlFUMnRQalk2OWpnbm83Y2V2SXNXZFY5M3dN?oc=5,Google News RSS Historical - Kolkata insolvency company [2025-2025],open_web,0.4,Kolkata insolvency company after:2025-01-01 before:2026-01-01,2026-04-05T17:31:04.373614+00:00,"Fri, 31 Oct 2025 07:00:00 GMT",Radhagobind Commercial Limited,,,,insolvency,,Radhagobind Commercial Limited,"<a href=""https://news.google.com/rss/articles/CBMi0wFBVV95cUxQelJrQ2c1WVhQU3ktbmZXdnZiZXVaODFFelBrTHVYblZST1pOUEVkbzF1c3Z2bWpmSjk1Sy1qZmVjSjg0cXBCWE01SUZ2V3BDaWQ3Q3FkdXp2S2c1NU4tN1N4NVpUUmVieXhWUy1qQVJNSVVkbzFJM1VNLVpBM0Ribm5ONkg1WUp6cE5CcVA3OWxfVUl5dzh5emxYZ1hfZk0tQnVKQ3ZEWXRFcE91LTZ0OUJHYzVNT0tsYlFUMnRQalk2OWpnbm83Y2V2SXNXZFY5M3dN?oc=5"" target=""_blank"">Radhagobind Commercial Limited Faces Insolvency Proceedings as NCLT Admits Petition</a>&nbsp;&nbsp;<font color=""#6f6f6f"">scanx.trade</font>",True,False,False,62.4,True
641dda1de84f299a,NCLT Initiates Insolvency Proceedings Against Diksha Greens Limited - scanx.trade,https://news.google.com/rss/articles/CBMizAFBVV95cUxQX0RzazVIb3hZdEgwSFpBUHhrLURUU2ZiSnlCcTMzb0c0VU9EU0hqUG9iaWZRc2ROR1ZiR1dxTW9KV1JvcGdIWHVoaWJjaGZfN09GaFB5MmZBc2p6UVhzNWJuWk5sdG1rMmJQekY0LXJRWHktRTFjVWx5M2tESU1TNEl5MlRrNF9qRUlnVGZqVWc3VTE5Y3QzZmxNVlo0eTlHa2t4TXRSNjNCQVNrQjNGRk1BWDJlZ3pRVTJhQXlsTWU0cmFXX2tVREtnUkw?oc=5,Google News RSS Historical - Kolkata insolvency company [2025-2025],open_web,0.4,Kolkata insolvency company after:2025-01-01 before:2026-01-01,2026-04-05T17:31:04.373881+00:00,"Wed, 30 Jul 2025 07:00:00 GMT",NCLT Initiates Insolvency Proceedings Against Diksha Greens Limited,,,,insolvency,,NCLT Initiates Insolvency Proceedings Against Diksha Greens Limited,"<a href=""https://news.google.com/rss/articles/CBMizAFBVV95cUxQX0RzazVIb3hZdEgwSFpBUHhrLURUU2ZiSnlCcTMzb0c0VU9EU0hqUG9iaWZRc2ROR1ZiR1dxTW9KV1JvcGdIWHVoaWJjaGZfN09GaFB5MmZBc2p6UVhzNWJuWk5sdG1rMmJQekY0LXJRWHktRTFjVWx5M2tESU1TNEl5MlRrNF9qRUlnVGZqVWc3VTE5Y3QzZmxNVlo0eTlHa2t4TXRSNjNCQVNrQjNGRk1BWDJlZ3pRVTJhQXlsTWU0cmFXX2tVREtnUkw?oc=5"" target=""_blank"">NCLT Initiates Insolvency Proceedings Against Diksha Greens Limited</a>&nbsp;&nbsp;<font color=""#6f6f6f"">scanx.trade</font>",True,False,False,62.4,True
15777783b7c8f17d,"Registrar of Companies, West Bengal vs Kalyanpur Cements Limited Now known as Dalmia DSP Limited",https://nclat.nic.in/sites/default/files/migration/upload/1685935761611a2d18dd062.pdf,NCLAT Daily Orders Registrar Court,official,1.0,nclat daily orders registrar west bengal kolkata,2026-04-05T17:31:30.149335+00:00,23/01/2020,Kalyanpur Cements Limited,,,,insolvency,,Kalyanpur Cements Limited,"3 308/2020 23/01/2020 Registrar of Companies, West Bengal vs Kalyanpur Cements Limited Now known as Dalmia DSP Limited Insolvency Registrar Court Peeush Pandey Download",True,False,False,82.0,True
de61538d00d44449,Winding up Notification dated 23.12.2021 of Sancia Global Infra Project Limited in C. P. No. 644 of 2014,https://calcuttahighcourt.gov.in/Notice-Files/company-liquidation-notice/5341,Calcutta High Court Company Liquidation,official,1.0,calcutta high court company liquidation notices,2026-04-05T17:31:42.481124+00:00,24-Dec-2021,Sancia Global Infra Project Limited,,,,liquidation,,Sancia Global Infra Project Limited,,True,False,False,72.0,True
02700114643a28ee,Winding up notification dated 09.02.2021 of M/s. Small Tools Mfg. Co. of India Ltd. (BIFR 88 of 1987),https://calcuttahighcourt.gov.in/Notice-Files/company-liquidation-notice/3780,Calcutta High Court Company Liquidation,official,1.0,calcutta high court company liquidation notices,2026-04-05T17:31:42.481344+00:00,20-Feb-2021,Small Tools Mfg. Co. of India Ltd,,,,liquidation,,Small Tools Mfg. Co. of India Ltd,,True,False,False,72.0,True
e081fbfaf0122b84,Winding up notification - C.P. 72/2016 ( GoldMine Food Products Limited),https://calcuttahighcourt.gov.in/Notice-Files/company-liquidation-notice/2519,Calcutta High Court Company Liquidation,official,1.0,calcutta high court company liquidation notices,2026-04-05T17:31:42.481511+00:00,02-Jan-2020,GoldMine Food Products Limited,,,,liquidation,,GoldMine Food Products Limited,,True,False,False,72.0,True
3e0b1dfbe3b8a445,Winding up Notification of M/s. Corporate Ispat Alloys Limited in C. P. No. 896 of 2016,https://calcuttahighcourt.gov.in/Notice-Files/company-liquidation-notice/2450,Calcutta High Court Company Liquidation,official,1.0,calcutta high court company liquidation notices,2026-04-05T17:31:42.481692+00:00,22-Nov-2019,Corporate Ispat Alloys Limited,,,,liquidation,,Corporate Ispat Alloys Limited,,True,False,False,72.0,True
b1704cf9a4e624a2,Winding up Notification of Kohlbros Communications Pvt. Ltd. in C. P. No. 846 of 2015,https://calcuttahighcourt.gov.in/Notice-Files/company-liquidation-notice/2288,Calcutta High Court Company Liquidation,official,1.0,calcutta high court company liquidation notices,2026-04-05T17:31:42.481865+00:00,13-Aug-2019,Kohlbros Communications Pvt. Ltd,,,,liquidation,,Kohlbros Communications Pvt. Ltd,,True,False,False,72.0,True
92dd9520517eba63,Winding up Notification of M/s. Paper Trade & Industries Private Limited in C. P. No. 959 of 2016,https://calcuttahighcourt.gov.in/Notice-Files/company-liquidation-notice/2032,Calcutta High Court Company Liquidation,official,1.0,calcutta high court company liquidation notices,2026-04-05T17:31:42.482046+00:00,28-Mar-2019,Paper Trade & Industries Private Limited,,,,liquidation,,Paper Trade & Industries Private Limited,,True,False,False,72.0,True
ec8c73f2b44d004c,Winding up Notification of M/s Begwani Trade and Industries Private Limited in C. P. No. 958 of 2016,https://calcuttahighcourt.gov.in/Notice-Files/company-liquidation-notice/2031,Calcutta High Court Company Liquidation,official,1.0,calcutta high court company liquidation notices,2026-04-05T17:31:42.482241+00:00,28-Mar-2019,Begwani Trade and Industries Private Limited,,,,liquidation,,Begwani Trade and Industries Private Limited,,True,False,False,72.0,True
a3021124d44c27de,Winding up notification of IAG Company Limited in CP No.202 of 2013,https://calcuttahighcourt.gov.in/Notice-Files/company-liquidation-notice/2016,Calcutta High Court Company Liquidation,official,1.0,calcutta high court company liquidation notices,2026-04-05T17:31:42.482401+00:00,18-Mar-2019,IAG Company Limited,,,,liquidation,,IAG Company Limited,,True,False,False,72.0,True
6fa40fc431820b64,In the matter of Agarwal Commodities Broker Private Limited [CP (IB) No. 146/KB/2025],https://www.ibbi.gov.in/uploads/order/2026-02-14-115917-1kchm-d5fbaa4110e54892ff4e97d02f51c0fd.pdf,IBBI Orders - NCLT - Page 6,regulated,0.85,ibbi nclt orders kolkata bench west bengal,2026-04-05T17:32:15.563370+00:00,"12 Feb, 2026",Agarwal Commodities Broker Private Limited,,,,liquidation,,Agarwal Commodities Broker Private Limited,Dissolution Voluntary Liquidation|,True,False,False,73.6,True
542358884c21079a,In the matter of P.C.DEY AND SON DISTRIBUTORS PRIVATE LIMITED [I.A.(IBC)(Liquidation). No. 17/KB/2025 in C.P. (],https://www.ibbi.gov.in/uploads/order/2026-02-10-162248-fp0l1-dda51e544c2ae8414fc110accaabfcf0.pdf,IBBI Orders - NCLT - Page 10,regulated,0.85,ibbi nclt orders kolkata bench west bengal,2026-04-05T17:32:37.526454+00:00,"22 Jan, 2026",,,,,liquidation,,In the matter of P.C.DEY AND SON DISTRIBUTORS PRIVATE LIMITED [I.A.(IBC)(Liquidation). No. 17/KB/2025 in C.P. (],Appointment - Appointment of Liquidator,False,False,False,55.6,True
77dfbccb73e4af47,Silverton Spinners Limited,https://ibbi.gov.in/uploads/auction_notice_liquidation/6de73174eab5583b51b9fbe7d5587dbf.pdf,IBBI Liquidation Auctions - West Bengal - Page 4,regulated,0.85,ibbi liquidation auction west bengal,2026-04-05T17:33:20.582376+00:00,19-08-2025,Silverton Spinners Limited,,,,insolvency,,Silverton Spinners Limited,Option 1- Entire Cor... Option 1- Entire Corporate Debtor as a going concern under Regulation 32 (e) read with Regulation 32A Option 2- Plant & Machinery Option 3- Land & Building,True,False,False,79.6,True
ec28037bf3fac74d,Silverton Spinners Limited,https://ibbi.gov.in/uploads/auction_notice_liquidation/155b7b345137d9ab3ef5f2663c9a14d8.pdf,IBBI Liquidation Auctions - West Bengal - Page 4,regulated,0.85,ibbi liquidation auction west bengal,2026-04-05T17:33:20.584656+00:00,17-07-2025,Silverton Spinners Limited,,,,insolvency,,Silverton Spinners Limited,Option 1- Entire Cor... Option 1- Entire Corporate Debtor as a going concern under Regulation 32 (e) read with Regulation 32A Option 2- Plant & Machinery Option 3- Land & Building,True,False,False,79.6,True
d142d7d5087bb34d,REACON ENGINEERS (INDIA) PVT LTD,https://ibbi.gov.in/uploads/auction_notice_liquidation/2025-07-08-125426-6ic4q-3a3f56f916203d56ccfd8ceb4eed77e0.pdf,IBBI Liquidation Auctions - West Bengal - Page 4,regulated,0.85,ibbi liquidation auction west bengal,2026-04-05T17:33:20.585090+00:00,08-07-2025,,,,,liquidation,,REACON ENGINEERS (INDIA) PVT LTD,"Sale of Assets of Co... Sale of Assets of Corporate Debtor An asset on a standalone basis (comprising of Land, Building, Plant & Machinery under Regulation 32(a) of the IBBI Liquidation Process Regulation 2016, As is where is, As is what is, whatever there is basis and Without recourse basis. (Auction of Block B, C & D would get activated only IF the auction under Block A fail.) (If the auction under Block A is successful, then the Auction under Block B, C & D shall be cancelled)",False,False,False,61.6,True
9e68e1640b861be3,REACON ENGINEERS (INDIA) PVT LTD,https://ibbi.gov.in/uploads/auction_notice_liquidation/3a3f56f916203d56ccfd8ceb4eed77e0.pdf,IBBI Liquidation Auctions - West Bengal - Page 4,regulated,0.85,ibbi liquidation auction west bengal,2026-04-05T17:33:20.585515+00:00,08-07-2025,,,,,liquidation,,REACON ENGINEERS (INDIA) PVT LTD,"Sale of the assets o... Sale of the assets of the Corporate debtor as a “Going Concern (As advised by the SCC)” on “As is where is basis”, “As is what is basis”, “Whatever there is basis” and “Without any recourse basis” as per Regulation 32(e) of the IBBI Liquidation Regulation, 2016.",False,False,False,61.6,True
8e89cd021ab165a6,REACON ENGINEERS (INDIA) PVT LTD,https://ibbi.gov.in/uploads/auction_notice_liquidation/6705def951b8a545401744a7ac4c7fa7.pdf,IBBI Liquidation Auctions - West Bengal - Page 4,regulated,0.85,ibbi liquidation auction west bengal,2026-04-05T17:33:20.587210+00:00,13-06-2025,,,,,liquidation,,REACON ENGINEERS (INDIA) PVT LTD,"Block-A: Sale of the... Block-A: Sale of the assets of the Corporate debtor as a “Going Concern (As advised by the SCC)” on “As is where is basis”, “As is what is basis”, “Whatever there is basis” and “Without any recourse basis” as per Regulation 32(e) of the IBBI Liquidation Regulation, 2016.",False,False,False,61.6,True
174a258308b4f65a,E C BOSE AND CO PVT LTD,https://ibbi.gov.in/uploads/auction_notice_liquidation/2026-03-27-150514-yk8ex-8b7da754a03550a822633bf839a3e487.pdf,IBBI Liquidation Auctions - Kolkata - Page 1,regulated,0.85,ibbi liquidation auction kolkata,2026-04-05T17:33:21.807068+00:00,27-03-2026,,,,,insolvency,,E C BOSE AND CO PVT LTD,"BLOCK 2 comprising o... BLOCK 2 comprising of the remaining assets of the Corporate Debtor, excluding the Land & Building and the Cash & Bank balance, consist of other Tangible & Intangible Assets, Investments, Sundry Debtors and Loans & Advances",False,False,False,61.6,True
0db5e2e44854e1d2,E C BOSE AND CO PVT LTD,https://ibbi.gov.in/uploads/auction_notice_liquidation/2026-03-27-145958-6kyc4-8b7da754a03550a822633bf839a3e487.pdf,IBBI Liquidation Auctions - Kolkata - Page 1,regulated,0.85,ibbi liquidation auction kolkata,2026-04-05T17:33:21.807503+00:00,27-03-2026,,Kolkata,,,insolvency,,E C BOSE AND CO PVT LTD,"Block 1 comprises of... Block 1 comprises of Land & Building situated at 13A, St George Terrace, PS – Hastings, Ward No – 75, Kolkata – 700 022 admeasuring 06 Cottahs 12 Chittacks 28 Sq Ft or 11.20 Decimal (More or Less). The asset consists of freehold land fully owned by the Corporate Debtor, with no known government acquisition notices and land use consistent with applicable industrial zoning norms.",False,True,False,71.6,True
fb93ab229e0d4550,Raghav Sarees Private Limited,https://ibbi.gov.in/uploads/auction_notice_liquidation/c854a076695059930e51d04344b81702.pdf,IBBI Liquidation Auctions - Kolkata - Page 1,regulated,0.85,ibbi liquidation auction kolkata,2026-04-05T17:33:21.812041+00:00,19-01-2026,Raghav Sarees Private Limited,,,,insolvency,,Raghav Sarees Private Limited,Sale of Company Land... Sale of Company Land and Building of Corporate Debtor on a standalone basis,True,False,False,79.6,True
29e7ffbbded9ae07,E C BOSE AND CO PVT LTD,https://ibbi.gov.in/uploads/auction_notice_liquidation/2025-12-31-172541-m5ivb-a4892f42b8a9016ee36a17c9430e5aac.pdf,IBBI Liquidation Auctions - Kolkata - Page 1,regulated,0.85,ibbi liquidation auction kolkata,2026-04-05T17:33:21.813182+00:00,31-12-2025,,Kolkata,,,insolvency,,E C BOSE AND CO PVT LTD,"Block 1 comprises of... Block 1 comprises of Land & Building situated at 13A, St George Terrace, PS – Hastings, Ward No – 75, Kolkata – 700 022 admeasuring 06 Cottahs 12 Chittacks 28 Sq Ft or 11.20 Decimal (More or Less). The asset consists of freehold land fully owned by the Corporate Debtor",False,True,False,71.6,True
a8b9d6572a009f22,HINDUSTHAN SMALL TOOLS PVT LTD,https://ibbi.gov.in/uploads/auction_notice_liquidation/437175ba4191210ee004e1d937494d09.pdf,IBBI Liquidation Auctions - Kolkata - Page 2,regulated,0.85,ibbi liquidation auction kolkata,2026-04-05T17:33:23.450113+00:00,26-09-2025,Hindusthan Small Tools Private Limited,,,,liquidation,,Hindusthan Small Tools Private Limited,"Sale of Corporate De... Sale of Corporate Debtor, Hindusthan Small Tools Private Limited, as a going concern in accordance with clause (e) of Regulation 32A of IBBI (Liquidation Process) Regulations, 2016 excluding Certain Assets as specified in E- auction Process Information Document",True,False,False,79.6,True
e889e1d44ba597ad,Dev R Nil Design Private Limited,https://ibbi.gov.in/uploads/auction_notice_liquidation/89c55c2b48a18097d014e285890bc701.pdf,IBBI Liquidation Auctions - Kolkata - Page 2,regulated,0.85,ibbi liquidation auction kolkata,2026-04-05T17:33:23.451010+00:00,23-09-2025,Dev R Nil Design Private Limited,,,,insolvency,,Dev R Nil Design Private Limited,Sale of Assets of th... Sale of Assets of the Corporate Debtor being Readymade Designer Garments (356 pieces),True,False,False,79.6,True
2d706bfe497367f1,GEMUS ENGINEERING LTD,https://ibbi.gov.in/uploads/auction_notice_liquidation/2025-08-13-140656-w0roq-970b0a27d10c6d6eedb80fee108082c3.pdf,IBBI Liquidation Auctions - Kolkata - Page 3,regulated,0.85,ibbi liquidation auction kolkata,2026-04-05T17:33:24.676298+00:00,13-08-2025,,,,,liquidation,,GEMUS ENGINEERING LTD,"Block A - Sale of th... Block A - Sale of the Corporate Debtor as a Going Concern (without Liabilities), as per Regulation 32(e) of the IBBI Liquidation Process Regulation 2016, As is where is, As is what is, Whatever there is basis and Without recourse basis.",False,False,False,61.6,True
f45a81fb30bc222b,ULTRAMINE PIPETECH PRIVATE LIMITED,https://ibbi.gov.in/uploads/auction_notice_liquidation/2025-07-25-172115-ypzao-30cc543a76a53d90e3c96ede242364eb.pdf,IBBI Liquidation Auctions - Kolkata - Page 3,regulated,0.85,ibbi liquidation auction kolkata,2026-04-05T17:33:24.677171+00:00,25-07-2025,,Kolkata,,,insolvency,,ULTRAMINE PIPETECH PRIVATE LIMITED,"Financial Assets bei... Financial Assets being Trade Receivables as per available records and Assignment of Not Readily Realisable Asset – In terms of IA(I.B.C)/62(KB)2025 (filed on 08.01.2025), Application filed under Section 43 of the Insolvency and Bankruptcy Code, 2016, pending before Hon’ble NCLT, Kolkata, involving an amount to the extent of Rs. 1.40 Crores.",False,True,False,71.6,True
f18de0ea1f90b6f7,Dev R Nil Design Private Limited,https://ibbi.gov.in/uploads/auction_notice_liquidation/fdbfbed4cae2da4910b082ccbc605cb1.pdf,IBBI Liquidation Auctions - Kolkata - Page 3,regulated,0.85,ibbi liquidation auction kolkata,2026-04-05T17:33:24.680331+00:00,10-07-2025,Dev R Nil Design Private Limited,,,,insolvency,,Dev R Nil Design Private Limited,"Block 1: Sale of the... Block 1: Sale of the Corporate Debtor as a Going concern in its totality Block 2: Sale of Assets of the Corporate Debtor being Machinery, Furniture and Stock of Readymade Garments",True,False,False,79.6,True
dc06267742f461e4,REACON ENGINEERS (INDIA) PVT LTD,https://ibbi.gov.in/uploads/auction_notice_liquidation/2025-07-08-125755-amlhp-3a3f56f916203d56ccfd8ceb4eed77e0.pdf,IBBI Liquidation Auctions - Kolkata - Page 3,regulated,0.85,ibbi liquidation auction kolkata,2026-04-05T17:33:24.680766+00:00,08-07-2025,,,,,liquidation,,REACON ENGINEERS (INDIA) PVT LTD,"Sale of Assets of Co... Sale of Assets of Corporate Debtor An asset on a standalone basis (comprising of Land, Building, Plant & Machinery under Regulation 32(a) of the IBBI Liquidation Process Regulation 2016, As is where is, As is what is, whatever there is basis and Without recourse basis. (Auction of Block B, C & D would get activated only IF the auction under Block A fail.) (If the auction under Block A is successful, then the Auction under Block B, C & D shall be cancelled)",False,False,False,61.6,True
75ce5f2d453fbcbe,Dev R Nil Design Private Limited,https://ibbi.gov.in/uploads/auction_notice_liquidation/2025-05-14-124645-tckyq-099591965db3f471b52454b5649167a3.pdf,IBBI Liquidation Auctions - Kolkata - Page 4,regulated,0.85,ibbi liquidation auction kolkata,2026-04-05T17:33:26.113891+00:00,14-05-2025,Dev R Nil Design Private Limited,,,,insolvency,,Dev R Nil Design Private Limited,"Block 2: Sale of Ass... Block 2: Sale of Assets of the Corporate Debtor being Machinery, Furniture and Stock of Readymade Garments In case, where bids are received for both blocks, it is to be noted that preference will be given to Block 1 bidder.",True,False,False,79.6,True
48018d4a69afa3c9,Dev R Nil Design Private Limited,https://ibbi.gov.in/uploads/auction_notice_liquidation/099591965db3f471b52454b5649167a3.pdf,IBBI Liquidation Auctions - Kolkata - Page 4,regulated,0.85,ibbi liquidation auction kolkata,2026-04-05T17:33:26.114301+00:00,14-05-2025,Dev R Nil Design Private Limited,,,,insolvency,,Dev R Nil Design Private Limited,Sale as the Corporat... Sale as the Corporate Debtor as a Going concern in its totality,True,False,False,79.6,True
caca192d2afab4e4,GEMUS ENGINEERING LTD,https://ibbi.gov.in/uploads/auction_notice_liquidation/2025-05-08-154907-o09ce-970b0a27d10c6d6eedb80fee108082c3.pdf,IBBI Liquidation Auctions - Kolkata - Page 4,regulated,0.85,ibbi liquidation auction kolkata,2026-04-05T17:33:26.114720+00:00,08-05-2025,,,,,liquidation,,GEMUS ENGINEERING LTD,"Block B - Sale of As... Block B - Sale of Assets of Corporate Debtor on Standalone basis, comprising of Land, as per Regulation 32(a) of the IBBI Liquidation Process Regulation 2016, As is where is, As is what is, Whatever there is basis and Without recourse basis.",False,False,False,61.6,True
4b34ea91e1d55e9e,REACON ENGINEERS (INDIA) PVT LTD,https://ibbi.gov.in/uploads/auction_notice_liquidation/9878ddcaec187da2445601e3ee17959d.pdf,IBBI Liquidation Auctions - Kolkata - Page 4,regulated,0.85,ibbi liquidation auction kolkata,2026-04-05T17:33:26.115188+00:00,02-05-2025,,Kolkata,,,liquidation,,REACON ENGINEERS (INDIA) PVT LTD,"Sale of the assets o... Sale of the assets of the Corporate debtor as a “Going Concern (As advised by the SCC)” on “As is where is basis”, “As is what is basis”, “Whatever there is basis” and “Without any recourse basis” as per Regulation 32(e) & read with Regulation 32A of the IBBI Liquidation Regulation, 2016. Major assets of the CD is the EPC contractor and major fixed asset plant & machinery are located at 1)ALL THAT ‘piece & and parcel’ Leasehold Land area measuring about 5 Acers of land (more or less) at Plot No. 3 (P), Khaitan No. - 27, JL No. 48, Mouza-Hetedoba, PS- Faridpur, Post Office – Durgapur 4, Dist: Sub Registry Office – Durgapur, Dist; Burdwan, West Bengal 2) ALL THAT ‘piece & and parcel’ Land area measuring about 1.83 Hectare of land (more or less) situated at bearing Survey No. 33, 34,35,36,38 & 39, at Village: Dundas Point under Ferrar Gunj Tehasil in the District of South Andaman. 3) Plant Machinery at the Delhi: -ESIC Hospital, Maa Anand Mai Marg, Okhla Industrial Area, Phase-1, New Delhi -110020. Kolkata Office 124 B Lenin Sarani, Kolkata -700013. 4) Securities & Financial Assets -Details in Tender document.",False,True,False,71.6,True
ce07b1ee6186da13,GEMUS ENGINEERING LTD,https://ibbi.gov.in/uploads/auction_notice_liquidation/970b0a27d10c6d6eedb80fee108082c3.pdf,IBBI Liquidation Auctions - Kolkata - Page 4,regulated,0.85,ibbi liquidation auction kolkata,2026-04-05T17:33:26.115615+00:00,21-04-2025,,,,,insolvency,,GEMUS ENGINEERING LTD,Block A- Sale of Cor... Block A- Sale of Corporate Debtor as going concern . Immovable property – Land in the name of GEMUS ENGINEERING LIMITED - The said Land is encumbered and not in custody of Liquidator. Details of the Land can be viewed at https://ibbi.baanknet.com/eauction-ibbi/asset-listing with Asset ID 569),False,False,False,61.6,True
d65b25bcaf4a556a,HINDUSTHAN SMALL TOOLS PVT LTD,https://ibbi.gov.in/uploads/auction_notice_liquidation/07242c97579ac6463e3b68062b4eca55.pdf,IBBI Liquidation Auctions - Kolkata - Page 4,regulated,0.85,ibbi liquidation auction kolkata,2026-04-05T17:33:26.116739+00:00,05-04-2025,,,,,liquidation,,HINDUSTHAN SMALL TOOLS PVT LTD,"Sale of Corporate De... Sale of Corporate Debtor as going concern in accordance with clause(e) of Regulation 32, Regulation 32A of IBBI (Liquidation Process) Regulations, 2016 excluding Certain Assets as specified in E-auction Process Information Document",False,False,False,61.6,True
e72c9fd90eeaae68,GEMUS ENGINEERING LTD,https://ibbi.gov.in/uploads/auction_notice_liquidation/2025-03-23-082235-6slk4-e65cfc1416d4c984c9a24a87eac14674.pdf,IBBI Liquidation Auctions - Kolkata - Page 4,regulated,0.85,ibbi liquidation auction kolkata,2026-04-05T17:33:26.118447+00:00,23-03-2025,,,,,liquidation,,GEMUS ENGINEERING LTD,"Block A-Sale of the ... Block A-Sale of the Corporate Debtor as a Going Concern (without Liabilities), as per Regulation 32(e) of the IBBI Liquidation Process Regulation 2016. As is where is, As is what is, Whatever there is basis and Without recourse basis. Block B- Sale of Assets of Corporate Debtor on Standalone basis, comprising of Land(encumbered) (Asset ID 569- eBkray platform),As is where is, As is what is, Whatever there is basis and Without recourse basis.",False,False,False,61.6,True
5addb9cf1a59b9b5,TIRUPATI JUTE INDUSTRIES LIMITED,https://ibbi.gov.in/uploads/auction_notice_liquidation/ed0683e81ee670e7c67d8c3294f02ecf.pdf,IBBI Liquidation Auctions - Howrah - Page 2,regulated,0.85,ibbi liquidation auction howrah,2026-04-05T17:33:30.426879+00:00,26-04-2023,,,,,insolvency,,TIRUPATI JUTE INDUSTRIES LIMITED,"Sale of the Corporat... Sale of the Corporate Debtor as a going concern in its totality on “AS IS WHERE IS, AS IS WHAT IS, WHATEVER THERE IS AND WITHOUT RECOURSE BASIS",False,False,False,61.6,True
a13856c4ac79829a,TIRUPATI JUTE INDUSTRIES LIMITED,https://ibbi.gov.in/uploads/auction_notice_liquidation/0ae2eecdb74d83b9771234644fcae551.pdf,IBBI Liquidation Auctions - Howrah - Page 2,regulated,0.85,ibbi liquidation auction howrah,2026-04-05T17:33:30.427620+00:00,16-03-2023,,,,,insolvency,,TIRUPATI JUTE INDUSTRIES LIMITED,"Sale of the Corporat... Sale of the Corporate Debtor as a going concern in its totality on “AS IS WHERE IS, AS IS WHAT IS, WHATEVER THERE IS AND WITHOUT RECOURSE BASIS",False,False,False,61.6,True
86fbaac1e3d58a54,CEEBUILD COMPANY PRIVATE LIMITED,https://ibbi.gov.in/uploads/auction_notice_liquidation/284a6d73b7b44f097230b3d6b31c2854.pdf,IBBI Liquidation Auctions - Howrah - Page 2,regulated,0.85,ibbi liquidation auction howrah,2026-04-05T17:33:30.428073+00:00,04-03-2023,,,,,liquidation,,CEEBUILD COMPANY PRIVATE LIMITED,"Sale as a GOING CONC... Sale as a GOING CONCERN in accordance with clause (e) of regulation 32, or sale as set of assets collectively (comprising of Land, Building, Plant & Machinery and Securities & Financial Assets) in accordance with clause (c) of regulation 32 of the Insolvency and Bankruptcy Board of India (Liquidation Process) Regulations, 2016",False,False,False,61.6,True
3900cec935f35fc2,CEEBUILD COMPANY PRIVATE LIMITED,https://ibbi.gov.in/uploads/auction_notice_liquidation/ef269dbe2752abe5543d6598a65468ea.pdf,IBBI Liquidation Auctions - Howrah - Page 2,regulated,0.85,ibbi liquidation auction howrah,2026-04-05T17:33:30.428507+00:00,02-02-2023,,,,,liquidation,,CEEBUILD COMPANY PRIVATE LIMITED,"Sale of the assets o... Sale of the assets of the CD as GOING CONCERN in accordance with clause (e) of regulation 32, regulation 32A sub-regulation (1) of regulation 33 and Schedule I of the Insolvency and Bankruptcy Board of India (Liquidation Process) Regulations, 2016",False,False,False,61.6,True
1d1b571c168d40a8,TIRUPATI JUTE INDUSTRIES LIMITED,https://ibbi.gov.in/uploads/auction_notice_liquidation/33c4574aa63ee8f412a9ea0e737a13fc.pdf,IBBI Liquidation Auctions - Howrah - Page 2,regulated,0.85,ibbi liquidation auction howrah,2026-04-05T17:33:30.428925+00:00,30-01-2023,,,,,insolvency,,TIRUPATI JUTE INDUSTRIES LIMITED,"Sale of the Corporat... Sale of the Corporate Debtor as a going concern in its totality on “AS IS WHERE IS, AS IS WHAT IS, WHATEVER THERE IS AND WITHOUT RECOURSE BASIS """,False,False,False,61.6,True
6ab35b1851b1565b,JVL Agro Industries Limited,https://ibbi.gov.in/uploads/auction_notice_liquidation/0c4c2e6d8dea4b11da1ea97025097934.pdf,IBBI Liquidation Auctions - Medinipur - Page 2,regulated,0.85,ibbi liquidation auction medinipur,2026-04-05T17:33:36.432693+00:00,04-03-2022,JVL Agro Industries Limited,,,,liquidation,,JVL Agro Industries Limited,Sale of Stand-Alone ... Sale of Stand-Alone assets of JVL Agro Industries Ltd. (In Liquidation),True,False,False,79.6,True
90e66fecb3b5975f,Silverton Spinners Limited,https://ibbi.gov.in/uploads/auction_notice_liquidation/a584e4e1c6c27e6247ba90ee927160b4.pdf,IBBI Liquidation Auctions - Parganas - Page 2,regulated,0.85,ibbi liquidation auction parganas,2026-04-05T17:33:39.324240+00:00,12-06-2025,Silverton Spinners Limited,,,,liquidation,,Silverton Spinners Limited,"Option 1- CD as a go... Option 1- CD as a going concern as per regulation 32(e) read with Regulation 32A of Liquidation regulations. Option 2- Plant and machinery on a standalone basis. Option 3- Land and Building on a standalone basis. It is clarified that if the e-auction for Assets in Option 1 (Block A), i.e., the sale of entire Corporate Debtor as a going concern, succeeds, the e-auction of all assets in Option 2 and Option 3 will not be taken up.",True,False,False,79.6,True
300842d5712fc050,Gontermann Peipers (India) Limited,https://ibbi.gov.in/uploads/auction_notice_liquidation/85f3cbaf544517fb8a63b37d6746136c.pdf,IBBI Liquidation Auctions - Parganas - Page 3,regulated,0.85,ibbi liquidation auction parganas,2026-04-05T17:33:40.652618+00:00,14-10-2022,,,,,insolvency,,Gontermann Peipers (India) Limited,"Sale of Corporate De... Sale of Corporate Debtor as going concern along with its assets including Land and Building, Plant & Machinery, Inventory, Stores and spares etc.",False,False,False,61.6,True
a050790c1bb025bf,PRITHVI MULTIPURPOSE COLD STORAGE PRIVATE LIMITED,https://ibbi.gov.in/uploads/auction_notice_liquidation/2022-08-23-093917-10evp-38f88e6118fe74bfd47d14a6e592199e.pdf,IBBI Liquidation Auctions - Parganas - Page 3,regulated,0.85,ibbi liquidation auction parganas,2026-04-05T17:33:40.653458+00:00,23-08-2022,,,,,insolvency,,PRITHVI MULTIPURPOSE COLD STORAGE PRIVATE LIMITED,"Block A. Sale of Cor... Block A. Sale of Corporate Debtor as a Going Concern; Block B. Land & Building, Plant & Machinery",False,False,False,61.6,True
11c49f7c1616c419,PRITHVI MULTIPURPOSE COLD STORAGE PRIVATE LIMITED,https://ibbi.gov.in/uploads/auction_notice_liquidation/2022-08-04-141939-vpirm-38f88e6118fe74bfd47d14a6e592199e.pdf,IBBI Liquidation Auctions - Parganas - Page 3,regulated,0.85,ibbi liquidation auction parganas,2026-04-05T17:33:40.654296+00:00,04-08-2022,,,,,insolvency,,PRITHVI MULTIPURPOSE COLD STORAGE PRIVATE LIMITED,"Block A. Sale of Cor... Block A. Sale of Corporate Debtor as a Going Concern; Block B. Land & Building, Plant & Machinery",False,False,False,61.6,True
39f895aa88c562b0,PRITHVI MULTIPURPOSE COLD STORAGE PRIVATE LIMITED,https://ibbi.gov.in/uploads/auction_notice_liquidation/2022-06-28-102653-b9074-38f88e6118fe74bfd47d14a6e592199e.pdf,IBBI Liquidation Auctions - Parganas - Page 3,regulated,0.85,ibbi liquidation auction parganas,2026-04-05T17:33:40.655945+00:00,28-06-2022,,,,,insolvency,,PRITHVI MULTIPURPOSE COLD STORAGE PRIVATE LIMITED,"Block A. Sale of Cor... Block A. Sale of Corporate Debtor as a Going Concern; Block B. Land & Building, Plant & Machinery",False,False,False,61.6,True
21035b7a7d9ef9f2,PRITHVI MULTIPURPOSE COLD STORAGE PRIVATE LIMITED,https://ibbi.gov.in/uploads/auction_notice_liquidation/2022-05-13-152017-qb96t-38f88e6118fe74bfd47d14a6e592199e.pdf,IBBI Liquidation Auctions - Parganas - Page 3,regulated,0.85,ibbi liquidation auction parganas,2026-04-05T17:33:40.656757+00:00,13-05-2022,,,,,insolvency,,PRITHVI MULTIPURPOSE COLD STORAGE PRIVATE LIMITED,"Block A. Sale of Cor... Block A. Sale of Corporate Debtor as a Going Concern; Block B. Land & Building, Plant & Machinery",False,False,False,61.6,True
fb260f3e9e5dc6f7,PRITHVI MULTIPURPOSE COLD STORAGE PRIVATE LIMITED,https://ibbi.gov.in/uploads/auction_notice_liquidation/3c908ea22a7868439fed202962362fd9.pdf,IBBI Liquidation Auctions - Parganas - Page 3,regulated,0.85,ibbi liquidation auction parganas,2026-04-05T17:33:40.657166+00:00,21-03-2022,,,,,insolvency,,PRITHVI MULTIPURPOSE COLD STORAGE PRIVATE LIMITED,"Block A. Sale of Cor... Block A. Sale of Corporate Debtor as a Going Concern; Block B. Land & Building, Plant & Machinery",False,False,False,61.6,True
e7b24c03aa813039,PRITHVI MULTIPURPOSE COLD STORAGE PRIVATE LIMITED,https://ibbi.gov.in/uploads/auction_notice_liquidation/2021-11-30-131114-04bqc-c7f2ae4b8f69aefefa9ee03da5efe813.pdf,IBBI Liquidation Auctions - Parganas - Page 4,regulated,0.85,ibbi liquidation auction parganas,2026-04-05T17:33:41.814223+00:00,30-11-2021,,,,,insolvency,,PRITHVI MULTIPURPOSE COLD STORAGE PRIVATE LIMITED,"Sale of Corporate De... Sale of Corporate Debtor as a going concern, Land & Building, Plant & Machinery",False,False,False,61.6,True
54f82917f549fbe2,Sarnamoy Plastic Sack Manufacturing Private Limited,https://ibbi.gov.in/uploads/auction_notice_liquidation/08412f263896fc2f83f760c228d4c6eb.pdf,IBBI Liquidation Auctions - Parganas - Page 4,regulated,0.85,ibbi liquidation auction parganas,2026-04-05T17:33:41.814664+00:00,20-11-2021,Sarnamoy Plastic Sack Manufacturing Private Limited,,,,liquidation,,Sarnamoy Plastic Sack Manufacturing Private Limited,"Sale as a Going Conc... Sale as a Going Concern or Slump sale of assets comprising building, plant & machinery and other moveable assets, As per Regulation 32(e) or 32(b) of IBBI (Liquidation Process) Regulation 2016",True,False,False,79.6,True
70d8eaa453fa6a10,REACON ENGINEERS (INDIA) PVT LTD,https://ibbi.gov.in/uploads/auction_notice_liquidation/2025-06-13-151740-np34y-6705def951b8a545401744a7ac4c7fa7.pdf,IBBI Liquidation Auctions - Durgapur - Page 1,regulated,0.85,ibbi liquidation auction durgapur,2026-04-05T17:33:43.071165+00:00,13-06-2025,,,,,liquidation,,REACON ENGINEERS (INDIA) PVT LTD,"Sale of Assets of Co... Sale of Assets of Corporate Debtor An asset on a standalone basis (comprising of Land, Building, Plant and Machinery under Regulation 32(a) of the IBBI Liquidation Process Regulation 2016, As is where is, As is what is, whatever there is basis and Without recourse basis. (Auction of Block B C and D would get activated only IF the auction under Block A fail.) (If the auction under Block A is successful, then the Auction under Block B C and D shall be cancelled) Block-B: ALL THAT ‘piece and parcel’ Leasehold Land area measuring about 5 Acers of land (more or less) at Plot No. 3 (P), Khaitan No. - 27, JL No. 48, Mouza-Hetedoba, PS- Faridpur, Post Office – Durgapur 4, Dist: Sub Registry Office – Durgapur, Dist; Burdwan,",False,False,False,61.6,True
72bb0024fb630464,K.S. Oils Limited,https://ibbi.gov.in/uploads/auction_notice_liquidation/15b43be871240568d23795fa03fe6411.pdf,IBBI Liquidation Auctions - Haldia - Page 1,regulated,0.85,ibbi liquidation auction haldia,2026-04-05T17:33:48.467737+00:00,22-11-2023,K.S. Oils Limited,,,,liquidation,,K.S. Oils Limited,"Sale of Corporate De... Sale of Corporate Debtor as going concern in accordance with clause(e) of Regulation 32, Regulation 32A of IBBI (Liquidation Process) Regulations, 2016 excluding Manufacturing unit at Haldia, Windmill Assets, land at Ratlam admeasuring 2.2 hectares and diverted land of Village Karua, Tehsil and District Morena admeasuring 22.175 hectares as specified in Block A.",True,False,False,79.6,True
b2b84e21d5ca96d9,K.S. Oils Limited,https://ibbi.gov.in/uploads/auction_notice_liquidation/d601e879db2cd98aefe8c0e1dca1a9dc.pdf,IBBI Liquidation Auctions - Haldia - Page 1,regulated,0.85,ibbi liquidation auction haldia,2026-04-05T17:33:48.469410+00:00,18-09-2023,K.S. Oils Limited,,,,liquidation,,K.S. Oils Limited,"Sale of Corporate De... Sale of Corporate Debtor as going concern in accordance with clause(e) of Regulation 32, Regulation 32A of IBBI (Liquidation Process) Regulations, 2016 excluding Manufacturing unit at Haldia, Windmill Assets, land at Ratlam admeasuring 2.2 hectares and diverted land of Village Karua, Tehsil and District Morena admeasuring 22.175 hectares as specified in Block A.",True,False,False,79.6,True
763b936ec5875607,K.S. Oils Limited,https://ibbi.gov.in/uploads/auction_notice_liquidation/34027642cb8120646d4ea293b52fd1f2.pdf,IBBI Liquidation Auctions - Haldia - Page 1,regulated,0.85,ibbi liquidation auction haldia,2026-04-05T17:33:48.470643+00:00,18-07-2023,K.S. Oils Limited,,,,liquidation,,K.S. Oils Limited,"Sale of Corporate De... Sale of Corporate Debtor as going concern in accordance with clause(e) of Regulation 32, Regulation 32A of IBBI (Liquidation Process) Regulations, 2016 excluding Manufacturing unit at Haldia, Windmill Assets, land at Ratlam admeasuring 2.2 hectares and diverted land of Village Karua, Tehsil and District Morena admeasuring 22.175 hectares as specified in Block A.",True,False,False,79.6,True
f0bb795c900d8a09,K.S. Oils Limited,https://ibbi.gov.in/uploads/auction_notice_liquidation/3ebfd13440089423c1b4587963360609.pdf,IBBI Liquidation Auctions - Haldia - Page 1,regulated,0.85,ibbi liquidation auction haldia,2026-04-05T17:33:48.471060+00:00,16-06-2023,K.S. Oils Limited,,,,liquidation,,K.S. Oils Limited,"Sale of Corporate De... Sale of Corporate Debtor as going concern in accordance with clause(e) of Regulation 32, Regulation 32A of IBBI (Liquidation Process) Regulations, 2016 excluding Manufacturing unit at Haldia, Windmill Assets, land at Ratlam admeasuring 2.2 hectares and diverted land of Village Karua, Tehsil and District Morena admeasuring 22.175 hectares as specified in Block A",True,False,False,79.6,True
ddeb8052283e0a90,JVL Agro Industries Limited,https://ibbi.gov.in/uploads/auction_notice_liquidation/2022-01-24-171549-rzpuk-faf9dc1a71a2376de49b6a168ae84219.pdf,IBBI Liquidation Auctions - Haldia - Page 2,regulated,0.85,ibbi liquidation auction haldia,2026-04-05T17:33:49.727946+00:00,24-01-2022,JVL Agro Industries Limited,,,,liquidation,,JVL Agro Industries Limited,Sale of JVL Agro Ind... Sale of JVL Agro Industries Limited (in liquidation) as a Going Concern.,True,False,False,79.6,True
9205df84b51f76af,ROC West Bengal disqualified directors under section 164(2)(a),https://www.mca.gov.in/Ministry/pdf/directordisqualificationKolkatta_16112017.pdf,MCA ROC Kolkata - Disqualified Directors,official,1.0,roc kolkata disqualified directors section 164(2)(a),2026-04-05T17:33:50.158294+00:00,2017-11-16,,Kolkata,164,Section 164 - Disqualification of directors for non-filing or defaults,director_disqualification,,ROC West Bengal disqualified directors under section 164(2)(a),Official MCA PDF relating to disqualified directors associated with ROC Kolkata / West Bengal under section 164(2)(a).,False,True,True,92.0,True
f2960be9a6f22bf5,ROC West Bengal public notice of striking off under section 248(1),https://www.mca.gov.in/Ministry/pdf/STK5RocWB_03072018.pdf,MCA ROC Kolkata - Proposed Struck Off Companies,official,1.0,roc west bengal stk-5 proposed struck off companies section 248(1),2026-04-05T17:33:50.183500+00:00,2018-07-03,,,248,Section 248 - Removal of company name from register / striking off,struck_off,,ROC West Bengal public notice of striking off under section 248(1),"Official MCA STK-5 public notice for ROC West Bengal proposing the striking off of companies under section 248(1) of the Companies Act, 2013.",False,False,True,82.0,True
74c9c49364300dcd,ROC West Bengal notice of striking off and dissolution under section 248,https://www.mca.gov.in/Ministry/pdf/ListROCKolkata_21072017.pdf,MCA ROC Kolkata - Struck Off Companies,official,1.0,roc kolkata struck off companies section 248 stk-7,2026-04-05T17:33:50.209356+00:00,2017-07-21,,,248,Section 248 - Removal of company name from register / striking off,struck_off,,ROC West Bengal notice of striking off and dissolution under section 248,"Official MCA STK-7 notice for ROC West Bengal regarding striking off and dissolution of companies under section 248 of the Companies Act, 2013.",False,False,True,82.0,True
